Gender,Married,Dependents,Education,Self_Employed,ApplicantIncome,CoapplicantIncome,LoanAmount,Loan_Amount_Term,Credit_History,Property_Area,Loan_Status
Male,Yes,1.0,Graduate,No,2560,1816,38.0,360.0,1.0,Semiurban,Y
Female,Yes,2.0,Graduate,No,3160,4331,66.0,,1.0,Rural,Y
Female,No,2.0,Not Graduate,Yes,9007,1466,133.0,360.0,1.0,Semiurban,Y
Male,Yes,0.0,Graduate,No,5417,2969,175.0,360.0,1.0,Urban,Y
Male,Yes,0.0,Graduate,No,7851,2757,136.0,360.0,1.0,Rural,Y
,No,0.0,Not Graduate,No,7885,755,165.0,120.0,,Semiurban,N
Male,Yes,0.0,Graduate,No,5067,349,103.0,360.0,1.0,Rural,Y
Female,No,0.0,Graduate,No,7126,1038,36.0,360.0,1.0,Rural,Y
Male,Yes,1.0,Graduate,No,4917,2319,110.0,360.0,,Urban,Y
Female,Yes,0.0,Graduate,Yes,4496,3207,111.0,,1.0,Urban,Y
Male,Yes,0.0,Not Graduate,No,3996,20,,360.0,1.0,Urban,Y
Female,Yes,0.0,Not Graduate,No,6901,653,180.0,360.0,1.0,Urban,Y
Female,No,1.0,Not Graduate,No,9730,1711,69.0,180.0,1.0,Urban,Y
Male,Yes,0.0,Graduate,No,9217,2048,30.0,360.0,0.0,Semiurban,Y
Male,Yes,1.0,Graduate,No,2933,573,121.0,120.0,1.0,Rural,Y
Male,Yes,0.0,Not Graduate,No,9650,782,95.0,300.0,1.0,Rural,Y
Male,Yes,2.0,Graduate,,3564,280,277.0,360.0,1.0,Semiurban,N
Male,No,2.0,Graduate,,5976,3674,229.0,300.0,1.0,Urban,Y
Male,Yes,0.0,Graduate,No,6453,1535,59.0,360.0,1.0,Urban,Y
Male,No,0.0,Graduate,No,2565,774,178.0,360.0,1.0,Semiurban,Y
Male,No,0.0,Graduate,No,5159,2840,164.0,360.0,1.0,Urban,N
Male,Yes,0.0,Not Graduate,No,9917,1534,161.0,,0.0,Rural,N
Male,No,1.0,Not Graduate,,1592,3170,407.0,180.0,1.0,Rural,N
Male,Yes,2.0,Graduate,No,14501,3465,123.0,360.0,0.0,Urban,Y
Male,Yes,1.0,Graduate,No,1885,574,,360.0,1.0,Semiurban,Y
Female,Yes,2.0,Graduate,No,6380,2954,202.0,300.0,,Urban,N
Male,No,0.0,Not Graduate,No,2628,2882,154.0,300.0,1.0,Semiurban,Y
Male,No,0.0,Graduate,No,6834,1828,275.0,300.0,1.0,Urban,N
Male,Yes,2.0,Graduate,No,9037,1930,143.0,360.0,1.0,Urban,N
Male,No,0.0,Graduate,No,7958,1459,196.0,360.0,0.0,Semiurban,N
Male,Yes,1.0,Graduate,No,2673,480,88.0,300.0,1.0,Semiurban,Y
Male,Yes,0.0,Graduate,No,8536,445,66.0,360.0,1.0,Semiurban,Y
Male,Yes,0.0,Not Graduate,No,4927,3772,168.0,180.0,1.0,Semiurban,N
Female,No,3.0,Graduate,Yes,2714,1533,126.0,360.0,1.0,Semiurban,Y
Female,No,0.0,Graduate,No,9886,1093,130.0,360.0,1.0,Rural,Y
Female,Yes,3.0,Graduate,Yes,12995,2012,108.0,240.0,1.0,Rural,Y
Male,Yes,3.0,Graduate,No,5840,749,194.0,360.0,1.0,Rural,Y
Male,Yes,2.0,Not Graduate,No,4670,945,141.0,360.0,1.0,Rural,Y
Female,Yes,1.0,Graduate,No,3811,1355,346.0,360.0,1.0,Semiurban,N
Male,Yes,1.0,Not Graduate,No,7730,851,139.0,240.0,0.0,Semiurban,N
Male,No,2.0,Graduate,No,8717,1878,158.0,240.0,0.0,Urban,N
Male,Yes,0.0,Graduate,No,4671,1202,206.0,120.0,1.0,Urban,N
Male,Yes,0.0,Graduate,Yes,10845,1868,167.0,360.0,1.0,Rural,Y
Female,Yes,1.0,Graduate,No,7442,1993,67.0,360.0,0.0,Rural,Y
Male,No,0.0,Graduate,No,5809,2794,116.0,240.0,1.0,Semiurban,Y
Female,No,0.0,Not Graduate,Yes,6473,1040,85.0,360.0,1.0,Semiurban,Y
Male,Yes,0.0,Graduate,No,3409,562,163.0,300.0,1.0,Urban,Y
,No,1.0,Graduate,,7691,3169,148.0,180.0,1.0,Urban,Y
Male,Yes,2.0,Not Graduate,No,3520,256,200.0,360.0,1.0,Semiurban,Y
Male,Yes,0.0,Not Graduate,Yes,4392,6006,214.0,180.0,1.0,Semiurban,Y
Female,Yes,3.0,Graduate,Yes,5413,811,85.0,300.0,0.0,Rural,Y
Female,Yes,1.0,Not Graduate,No,12064,1212,211.0,300.0,1.0,Urban,N
Female,Yes,2.0,Graduate,No,6240,486,228.0,360.0,1.0,Semiurban,Y
Female,No,1.0,Graduate,No,3691,1441,75.0,360.0,0.0,Urban,N
Male,No,2.0,Not Graduate,No,6484,846,158.0,360.0,1.0,Rural,Y
Female,No,,Graduate,No,7243,501,249.0,360.0,1.0,Rural,Y
Male,Yes,2.0,Graduate,No,9355,399,116.0,360.0,1.0,Semiurban,Y
Male,Yes,0.0,Graduate,No,5537,699,130.0,,,Rural,Y
Male,No,2.0,Not Graduate,No,3959,2142,157.0,360.0,1.0,Semiurban,Y
Male,Yes,3.0,Not Graduate,No,13504,1889,14.0,360.0,1.0,Urban,Y
,Yes,,Graduate,No,6491,592,140.0,360.0,1.0,Semiurban,Y
Male,Yes,,Graduate,No,3702,1004,145.0,360.0,1.0,Urban,Y
Female,No,2.0,Graduate,,5514,2500,179.0,360.0,1.0,Semiurban,Y
Male,Yes,0.0,Graduate,No,4393,1034,182.0,300.0,1.0,Rural,Y
Male,Yes,2.0,Graduate,No,9608,3224,128.0,360.0,1.0,Rural,Y
Male,No,0.0,Not Graduate,Yes,7212,5083,289.0,240.0,1.0,Urban,N
Male,Yes,0.0,Graduate,No,4827,706,85.0,360.0,1.0,Urban,N
Female,Yes,3.0,Graduate,No,8720,784,197.0,300.0,1.0,Urban,Y
Male,Yes,1.0,Graduate,No,5310,3547,31.0,,1.0,Urban,Y
Female,Yes,2.0,Graduate,No,5456,1020,135.0,360.0,1.0,Urban,N
Female,No,0.0,Not Graduate,No,3906,2618,,300.0,1.0,Semiurban,Y
Male,Yes,1.0,Graduate,No,3891,1527,140.0,360.0,0.0,Semiurban,N
Male,Yes,1.0,Graduate,No,13093,1128,166.0,360.0,,Rural,N
Female,No,1.0,Graduate,No,8536,2065,110.0,360.0,1.0,Urban,Y
Female,No,1.0,Graduate,No,2093,3578,133.0,300.0,1.0,Urban,Y
Female,No,1.0,Graduate,No,3479,2903,189.0,240.0,1.0,Urban,Y
Female,Yes,0.0,Graduate,No,3130,1267,12.0,300.0,0.0,Urban,Y
Male,Yes,0.0,Graduate,No,5756,1559,100.0,360.0,1.0,Urban,Y
Male,No,2.0,Graduate,No,4591,2632,252.0,360.0,0.0,Urban,N
Male,No,0.0,Graduate,No,10465,1628,66.0,360.0,1.0,Semiurban,Y
Female,Yes,1.0,Graduate,No,4795,3926,91.0,360.0,1.0,Rural,Y
Male,Yes,0.0,Not Graduate,Yes,12484,122,37.0,360.0,1.0,Semiurban,Y
Male,Yes,1.0,Graduate,No,5385,740,101.0,360.0,1.0,Semiurban,Y
Male,No,2.0,Graduate,Yes,13711,1948,124.0,180.0,0.0,Urban,N
Male,Yes,0.0,Graduate,No,5091,921,,180.0,1.0,Rural,Y
Male,Yes,0.0,Graduate,No,5138,3656,161.0,300.0,1.0,Urban,Y
Female,Yes,0.0,Not Graduate,No,8452,783,,180.0,1.0,Urban,Y
Male,No,1.0,Graduate,No,7904,1440,,360.0,1.0,Urban,Y
Female,No,2.0,Graduate,Yes,2872,696,91.0,360.0,1.0,Urban,Y
Male,Yes,0.0,Graduate,No,5820,1235,81.0,360.0,1.0,Semiurban,Y
Male,No,2.0,Graduate,No,4571,240,33.0,360.0,,Rural,Y
Female,No,0.0,Not Graduate,No,4425,379,65.0,360.0,1.0,Rural,Y
Female,Yes,0.0,Graduate,No,5807,4903,105.0,360.0,1.0,Urban,Y
Male,Yes,3.0,Graduate,,4885,1350,114.0,180.0,1.0,Semiurban,Y
Female,Yes,,Graduate,No,6087,990,187.0,300.0,1.0,Semiurban,Y
Male,No,0.0,Graduate,No,3402,487,258.0,300.0,0.0,Rural,N
Male,Yes,0.0,Graduate,Yes,2537,568,112.0,240.0,,Semiurban,N
Male,No,0.0,Not Graduate,No,8598,4535,200.0,360.0,1.0,Semiurban,Y
Male,No,0.0,Graduate,No,9193,1415,103.0,360.0,1.0,Semiurban,Y
Male,Yes,0.0,Not Graduate,No,8358,2846,77.0,,0.0,Semiurban,Y
Male,No,1.0,Graduate,No,5689,825,182.0,360.0,1.0,Urban,Y
Male,Yes,0.0,Graduate,No,4711,4107,102.0,360.0,1.0,Urban,N
Male,Yes,1.0,Graduate,No,4145,878,83.0,120.0,0.0,Semiurban,Y
Male,No,0.0,Not Graduate,Yes,3781,536,75.0,300.0,1.0,Rural,Y
Female,No,0.0,Graduate,No,5388,1827,47.0,360.0,,Semiurban,Y
Male,Yes,1.0,Graduate,No,9091,324,133.0,360.0,1.0,Rural,N
Male,No,3.0,Graduate,No,3979,248,93.0,300.0,1.0,Urban,Y
Female,No,0.0,Graduate,No,9098,3659,,300.0,1.0,Semiurban,Y
Male,Yes,2.0,Graduate,No,2605,693,292.0,,1.0,Urban,N
Male,No,1.0,Not Graduate,No,6231,2084,75.0,180.0,1.0,Rural,Y
Male,Yes,1.0,Not Graduate,No,6820,4653,57.0,360.0,0.0,Urban,Y
Male,Yes,1.0,Graduate,No,4355,1379,262.0,180.0,1.0,Semiurban,N
Female,Yes,0.0,Not Graduate,No,3294,2034,140.0,300.0,1.0,Urban,Y
Female,No,0.0,Graduate,No,8092,244,137.0,120.0,1.0,Semiurban,Y
Male,No,1.0,Graduate,No,5709,636,153.0,360.0,1.0,Rural,Y
,Yes,0.0,Graduate,No,15592,4067,222.0,120.0,1.0,Urban,Y
Female,Yes,3.0,Graduate,No,9154,995,221.0,300.0,1.0,Rural,Y
Male,No,0.0,Not Graduate,No,9186,390,178.0,360.0,1.0,Rural,Y
Female,Yes,0.0,Graduate,No,1402,1958,66.0,360.0,1.0,Urban,Y
Male,No,2.0,Graduate,No,4017,3281,41.0,300.0,1.0,Rural,Y
Female,No,0.0,Graduate,No,3103,880,66.0,300.0,1.0,Urban,Y
Female,Yes,1.0,Graduate,No,1874,1961,50.0,,1.0,Urban,Y
Male,No,1.0,Graduate,Yes,5501,2553,189.0,360.0,1.0,Semiurban,Y
Male,Yes,3.0,Not Graduate,No,8001,1144,90.0,300.0,0.0,Semiurban,N
Male,No,2.0,Not Graduate,No,3455,1012,176.0,120.0,0.0,Urban,N
Male,No,1.0,Not Graduate,Yes,1936,4538,129.0,120.0,1.0,Urban,Y
Female,No,1.0,Graduate,Yes,3597,425,89.0,360.0,0.0,Rural,N
Female,Yes,3.0,Graduate,No,5196,1477,75.0,360.0,1.0,Semiurban,Y
Male,No,0.0,Graduate,No,5019,1224,86.0,360.0,0.0,Urban,Y
Male,Yes,0.0,Graduate,No,5627,1217,58.0,360.0,1.0,Semiurban,Y
Male,Yes,0.0,Graduate,No,6757,2453,296.0,360.0,1.0,Urban,N
Male,Yes,0.0,Not Graduate,No,5563,2066,121.0,360.0,1.0,Urban,N
Male,Yes,1.0,Graduate,No,8201,1667,129.0,360.0,1.0,Semiurban,N
Male,Yes,1.0,Graduate,No,3487,250,127.0,360.0,1.0,Semiurban,Y
Female,No,1.0,Graduate,No,4921,587,186.0,300.0,1.0,Urban,Y
Male,No,0.0,Graduate,Yes,7257,1080,81.0,360.0,1.0,Rural,Y
Male,Yes,2.0,Graduate,No,6361,1433,,360.0,1.0,Urban,Y
,No,0.0,Not Graduate,No,11820,4033,108.0,360.0,1.0,Semiurban,Y
Male,Yes,1.0,Graduate,No,3559,1405,106.0,240.0,1.0,Urban,Y
Female,No,1.0,Not Graduate,No,7316,2369,246.0,360.0,0.0,Semiurban,N
Female,No,0.0,Graduate,Yes,4120,1262,80.0,360.0,1.0,Urban,Y
Male,Yes,0.0,Graduate,No,3904,2231,158.0,360.0,1.0,Semiurban,N
Male,No,0.0,Graduate,No,8908,1340,127.0,240.0,0.0,Semiurban,Y
,Yes,2.0,Not Graduate,No,5534,498,89.0,360.0,1.0,Urban,Y
Male,Yes,3.0,Not Graduate,No,6311,2025,171.0,240.0,1.0,Urban,Y
Male,No,1.0,Graduate,Yes,4272,1876,63.0,360.0,1.0,Semiurban,Y
Male,Yes,0.0,Graduate,No,4391,334,,360.0,0.0,Urban,N
Male,Yes,0.0,Graduate,No,2511,1262,135.0,240.0,1.0,Semiurban,Y
Male,Yes,2.0,Graduate,No,6085,1252,274.0,120.0,1.0,Semiurban,N
Male,No,2.0,Not Graduate,No,3320,796,261.0,360.0,1.0,Semiurban,N
Female,Yes,0.0,Graduate,No,5240,470,159.0,240.0,0.0,Rural,N
Male,Yes,0.0,Graduate,No,8197,1587,,360.0,1.0,Semiurban,Y
Male,No,2.0,Graduate,Yes,2153,3770,35.0,360.0,1.0,Rural,Y
Male,No,0.0,Graduate,No,17492,2165,201.0,300.0,1.0,Rural,Y
Female,Yes,0.0,Graduate,No,3865,287,216.0,360.0,1.0,Rural,N
Male,Yes,0.0,Graduate,No,5310,3570,158.0,300.0,1.0,Urban,Y
Female,Yes,1.0,Graduate,No,6308,3219,112.0,360.0,0.0,Rural,Y
Female,Yes,2.0,Graduate,No,3803,840,192.0,300.0,1.0,Rural,Y
Male,Yes,3.0,Graduate,No,4466,310,125.0,360.0,0.0,Urban,N
Female,No,1.0,Not Graduate,No,9038,870,117.0,360.0,1.0,Urban,Y
Male,No,1.0,Graduate,No,7800,925,50.0,360.0,,Rural,N
Male,No,0.0,Graduate,Yes,4970,337,187.0,180.0,1.0,Semiurban,N
Male,Yes,1.0,Graduate,No,5595,1567,137.0,300.0,1.0,Urban,Y
Male,No,0.0,Graduate,No,5970,659,260.0,360.0,1.0,Rural,N
Male,Yes,1.0,Graduate,No,7172,413,92.0,360.0,,Urban,N
Female,No,0.0,Graduate,No,7403,1060,77.0,240.0,,Urban,N
Male,No,0.0,Graduate,Yes,7316,3696,215.0,300.0,1.0,Semiurban,N
Male,Yes,0.0,Not Graduate,No,4602,2479,238.0,,1.0,Semiurban,Y
Male,No,0.0,Graduate,No,5883,1816,129.0,360.0,1.0,Rural,Y
Male,Yes,0.0,Graduate,No,8606,845,197.0,300.0,0.0,Semiurban,N
Female,No,0.0,Graduate,No,13488,341,108.0,300.0,1.0,Rural,Y
Male,Yes,3.0,Graduate,No,5809,479,111.0,240.0,0.0,Urban,N
Male,Yes,0.0,Graduate,No,4312,2375,159.0,360.0,1.0,Semiurban,Y
Male,No,1.0,Not Graduate,No,3768,654,110.0,240.0,1.0,Urban,Y
Male,Yes,2.0,Graduate,No,7341,1464,147.0,360.0,1.0,Urban,Y
Male,No,3.0,Graduate,No,2452,1832,135.0,240.0,1.0,Rural,Y
Female,Yes,1.0,Graduate,No,7375,268,67.0,360.0,1.0,Urban,Y
Male,No,2.0,Graduate,No,7433,1310,,360.0,0.0,Rural,Y
,No,0.0,Graduate,Yes,4386,1720,69.0,300.0,1.0,Urban,Y
Male,Yes,0.0,Graduate,Yes,6245,4359,189.0,240.0,1.0,Urban,Y
Male,Yes,0.0,Graduate,Yes,5047,1444,217.0,360.0,1.0,Urban,N
Male,Yes,,Graduate,No,2807,2294,118.0,360.0,1.0,Semiurban,Y
Female,Yes,,Graduate,Yes,7133,860,275.0,360.0,1.0,Urban,Y
Female,Yes,0.0,Not Graduate,No,6847,2710,,180.0,1.0,Semiurban,Y
Male,No,0.0,Graduate,No,4551,386,147.0,360.0,1.0,Semiurban,Y
Female,No,1.0,Not Graduate,Yes,13391,1878,111.0,360.0,1.0,Urban,Y
Female,No,0.0,Not Graduate,No,5616,1496,207.0,360.0,1.0,Semiurban,Y
Male,No,1.0,Graduate,No,2045,3053,277.0,360.0,1.0,Semiurban,Y
Male,No,1.0,Graduate,No,8808,1837,153.0,360.0,1.0,Rural,Y
Male,No,2.0,Graduate,No,7902,1102,300.0,300.0,1.0,Urban,N
Male,Yes,2.0,Graduate,No,8319,2701,98.0,180.0,1.0,Urban,Y
Female,No,2.0,Graduate,No,3411,1817,180.0,360.0,1.0,Urban,N
Female,No,0.0,Not Graduate,No,6170,535,128.0,360.0,0.0,Semiurban,N
Male,Yes,2.0,Not Graduate,No,5573,1162,75.0,120.0,1.0,Semiurban,Y
Male,Yes,1.0,Graduate,,5161,474,103.0,360.0,1.0,Rural,Y
Male,Yes,0.0,Graduate,No,9836,1712,216.0,360.0,1.0,Rural,N
Female,Yes,0.0,Graduate,No,5651,1857,121.0,240.0,1.0,Urban,Y
,No,0.0,Not Graduate,No,4626,3920,96.0,240.0,1.0,Semiurban,Y
Female,Yes,0.0,Graduate,No,4604,1142,242.0,360.0,0.0,Semiurban,N
Female,Yes,1.0,Graduate,Yes,3284,998,213.0,,,Rural,N
Male,No,,Graduate,No,5903,297,106.0,240.0,1.0,Urban,Y
Male,Yes,0.0,Graduate,No,10174,1142,308.0,300.0,1.0,Semiurban,Y
Male,Yes,0.0,Not Graduate,No,4803,1042,124.0,300.0,1.0,Rural,N
Female,Yes,,Graduate,No,6326,1421,154.0,360.0,1.0,Urban,Y
Male,No,0.0,Graduate,No,5123,1017,135.0,360.0,1.0,Semiurban,Y
Male,No,0.0,Not Graduate,No,5379,1019,82.0,360.0,1.0,Rural,Y
Male,Yes,1.0,Graduate,Yes,8060,1418,119.0,360.0,1.0,Rural,Y
Female,No,1.0,Graduate,Yes,3263,1212,127.0,360.0,1.0,Urban,Y
Male,Yes,0.0,Graduate,No,2578,1003,42.0,180.0,1.0,Urban,Y
Male,No,0.0,Graduate,No,8814,995,150.0,240.0,1.0,Urban,Y
Male,No,0.0,Graduate,No,4330,4723,200.0,360.0,0.0,Rural,N
Female,No,1.0,Graduate,No,4651,971,69.0,360.0,1.0,Rural,Y
Female,Yes,1.0,Graduate,Yes,14703,1094,182.0,240.0,0.0,Rural,N
Male,No,0.0,Graduate,No,7879,232,,180.0,1.0,Semiurban,Y
Female,No,1.0,Not Graduate,,3645,2716,15.0,360.0,1.0,Urban,Y
Male,Yes,2.0,Not Graduate,No,9089,94,120.0,120.0,1.0,Semiurban,Y
Male,No,0.0,Graduate,No,7962,557,305.0,360.0,1.0,Urban,N
Female,Yes,0.0,Graduate,No,910,1976,148.0,180.0,1.0,Semiurban,Y
Male,No,1.0,Graduate,No,6002,202,41.0,180.0,1.0,Semiurban,Y
Female,Yes,0.0,Graduate,No,3343,740,62.0,360.0,1.0,Semiurban,Y
,No,0.0,Not Graduate,No,5374,1279,151.0,360.0,1.0,Rural,Y
Male,Yes,1.0,Graduate,No,13507,1198,177.0,360.0,1.0,Urban,Y
Male,Yes,2.0,Graduate,Yes,8213,721,133.0,300.0,1.0,Semiurban,Y
Male,Yes,2.0,Graduate,No,8708,2302,147.0,360.0,1.0,Semiurban,Y
Male,Yes,1.0,Graduate,No,5128,2404,135.0,360.0,1.0,Semiurban,Y
Male,Yes,2.0,Graduate,No,8726,2018,91.0,300.0,1.0,Semiurban,Y
Female,Yes,0.0,Graduate,No,3930,882,135.0,300.0,1.0,Urban,Y
Male,Yes,1.0,Not Graduate,Yes,5967,1476,52.0,240.0,1.0,Urban,Y
Female,Yes,0.0,Not Graduate,No,8043,796,108.0,360.0,1.0,Urban,Y
Male,Yes,0.0,Graduate,,7934,5774,171.0,360.0,1.0,Urban,Y
Female,No,2.0,Graduate,No,2660,1669,79.0,300.0,1.0,Semiurban,Y
Male,Yes,1.0,Not Graduate,No,12160,887,113.0,240.0,1.0,Urban,Y
Male,No,0.0,Graduate,No,3570,5083,140.0,300.0,1.0,Semiurban,N
Male,No,3.0,Graduate,No,15911,981,296.0,360.0,1.0,Urban,N
Male,No,0.0,Graduate,Yes,8151,1621,212.0,180.0,1.0,Semiurban,Y
,Yes,0.0,Not Graduate,No,7839,2329,51.0,240.0,1.0,Semiurban,Y
Male,No,0.0,Graduate,No,3721,825,332.0,360.0,1.0,Urban,N
Male,Yes,,Graduate,No,4416,774,251.0,360.0,1.0,Semiurban,Y
Male,Yes,2.0,Not Graduate,No,11714,2630,145.0,,1.0,Rural,Y
Male,Yes,0.0,Not Graduate,No,11023,2327,195.0,360.0,0.0,Urban,N
Female,No,,Not Graduate,No,5195,2322,85.0,180.0,1.0,Semiurban,N
Female,Yes,0.0,Graduate,No,4992,1866,128.0,360.0,1.0,Urban,Y
Female,Yes,2.0,Graduate,Yes,5060,4691,83.0,360.0,1.0,Urban,Y
Male,No,0.0,Graduate,No,9117,1379,176.0,360.0,,Semiurban,N
Male,No,0.0,Not Graduate,No,8721,649,383.0,360.0,0.0,Urban,N
Female,Yes,3.0,Graduate,No,6667,437,105.0,180.0,0.0,Rural,N
Male,Yes,0.0,Graduate,No,5994,959,120.0,360.0,1.0,Urban,Y
Female,No,0.0,Not Graduate,No,5167,15,130.0,180.0,0.0,Urban,N
Female,Yes,,Graduate,No,15322,3336,108.0,300.0,1.0,Semiurban,Y
Female,Yes,3.0,Graduate,,2811,1786,171.0,360.0,1.0,Semiurban,Y
Male,Yes,0.0,Graduate,No,4679,644,221.0,360.0,0.0,Semiurban,N
Male,No,0.0,Graduate,No,6459,2765,96.0,360.0,1.0,Urban,Y
Female,No,0.0,Graduate,Yes,2531,437,129.0,180.0,0.0,Rural,N
Male,No,1.0,Graduate,No,4277,549,183.0,360.0,1.0,Rural,Y
Male,No,0.0,Graduate,No,13427,1415,79.0,180.0,1.0,Semiurban,Y
Male,Yes,1.0,Graduate,No,8460,3648,64.0,360.0,0.0,Rural,Y
Female,Yes,3.0,Graduate,No,4260,1771,95.0,180.0,1.0,Semiurban,N
Female,Yes,0.0,Graduate,No,4199,563,187.0,240.0,1.0,Urban,N
Male,Yes,0.0,Not Graduate,No,2821,658,76.0,300.0,1.0,Urban,N
Male,Yes,0.0,Graduate,No,4544,1554,98.0,360.0,1.0,Urban,Y
Male,No,0.0,Graduate,Yes,7207,342,130.0,240.0,0.0,Rural,N
Female,No,2.0,Not Graduate,No,6652,377,141.0,360.0,1.0,Urban,N
Male,No,0.0,Graduate,No,4657,1060,121.0,180.0,1.0,Semiurban,Y
Male,Yes,0.0,Not Graduate,Yes,3545,2113,131.0,120.0,1.0,Urban,Y
Female,No,1.0,Not Graduate,No,5135,2224,55.0,300.0,0.0,Semiurban,Y
Female,No,0.0,Graduate,Yes,5083,1414,,360.0,1.0,Urban,Y
Female,Yes,1.0,Not Graduate,No,7972,2478,195.0,180.0,1.0,Rural,Y
Female,No,0.0,Graduate,No,6219,3998,89.0,180.0,1.0,Urban,Y
Male,Yes,2.0,Graduate,No,5843,863,,360.0,,Rural,Y
Male,Yes,3.0,Graduate,No,9479,326,136.0,300.0,1.0,Rural,Y
Female,Yes,1.0,Graduate,No,10977,956,185.0,360.0,1.0,Semiurban,N
Female,Yes,3.0,Not Graduate,Yes,6615,574,198.0,240.0,1.0,Urban,Y
Female,Yes,0.0,Graduate,Yes,6690,1855,226.0,360.0,1.0,Urban,Y
Female,No,0.0,Graduate,No,5301,447,260.0,300.0,1.0,Rural,N
Male,No,1.0,Graduate,No,3697,1232,77.0,360.0,0.0,Urban,Y
Male,No,1.0,Graduate,No,8257,575,,360.0,1.0,Urban,Y
Female,No,0.0,Graduate,No,7542,1022,105.0,360.0,1.0,Semiurban,Y
Male,Yes,0.0,Graduate,No,5502,1290,74.0,360.0,1.0,Urban,Y
Female,No,0.0,Not Graduate,No,6228,2068,83.0,360.0,0.0,Urban,N
Female,Yes,0.0,Graduate,Yes,9195,1297,168.0,300.0,1.0,Semiurban,N
Female,Yes,0.0,Not Graduate,No,9888,796,219.0,240.0,1.0,Urban,Y
Male,Yes,2.0,Graduate,No,1434,2323,145.0,360.0,1.0,Urban,Y
Male,Yes,0.0,Not Graduate,No,4126,1353,91.0,360.0,0.0,Semiurban,N
Male,Yes,0.0,Graduate,No,5494,864,149.0,120.0,1.0,Urban,Y
Male,Yes,,Graduate,No,3281,2107,188.0,360.0,1.0,Semiurban,Y
Male,Yes,1.0,Graduate,No,6303,1565,55.0,,1.0,Urban,Y
Male,No,2.0,Not Graduate,No,4230,1981,110.0,360.0,1.0,Semiurban,Y
,Yes,1.0,Graduate,Yes,6400,2921,114.0,360.0,1.0,Semiurban,Y
Male,Yes,0.0,Not Graduate,Yes,4291,474,119.0,360.0,1.0,Semiurban,N
Male,Yes,2.0,Graduate,No,4379,5797,80.0,120.0,1.0,Urban,Y
Male,No,1.0,Graduate,No,6378,1830,150.0,360.0,1.0,Urban,Y
Male,Yes,0.0,Graduate,No,8419,451,158.0,360.0,1.0,Rural,Y
Female,Yes,1.0,Not Graduate,Yes,7345,3187,76.0,240.0,0.0,Urban,N
Male,Yes,3.0,Graduate,No,5516,723,245.0,360.0,1.0,Semiurban,N
Male,Yes,0.0,Not Graduate,No,2137,4047,66.0,360.0,1.0,Rural,Y
Male,Yes,0.0,Not Graduate,No,4328,505,89.0,300.0,1.0,Semiurban,Y
Female,Yes,0.0,Graduate,No,4106,1234,62.0,240.0,1.0,Urban,Y
Male,Yes,0.0,Graduate,No,7748,2356,57.0,240.0,1.0,Urban,Y
Male,Yes,0.0,Graduate,Yes,6018,2130,137.0,360.0,1.0,Rural,Y
Male,Yes,1.0,Graduate,No,6120,1702,89.0,360.0,,Semiurban,Y
Male,No,0.0,Not Graduate,No,3780,2684,199.0,360.0,1.0,Semiurban,Y
Male,Yes,3.0,Graduate,No,10067,910,80.0,300.0,1.0,Semiurban,Y
Male,Yes,2.0,Graduate,No,6101,2792,89.0,,1.0,Rural,Y
Male,Yes,1.0,Not Graduate,No,3670,761,186.0,360.0,1.0,Semiurban,N
Female,No,2.0,Graduate,Yes,3798,3752,70.0,360.0,1.0,Urban,Y
Female,Yes,0.0,Graduate,No,6506,821,100.0,240.0,1.0,Semiurban,Y
Male,Yes,0.0,Graduate,No,3603,378,243.0,360.0,1.0,Semiurban,N
Male,No,1.0,Graduate,No,4131,2156,25.0,360.0,1.0,Urban,Y
Female,Yes,2.0,Graduate,No,3202,1507,16.0,120.0,1.0,Rural,Y
Male,Yes,2.0,Not Graduate,No,7720,1724,55.0,360.0,1.0,Urban,Y
Male,Yes,0.0,Graduate,No,3644,1014,265.0,360.0,1.0,Semiurban,N
Male,No,3.0,Graduate,No,10813,1914,159.0,300.0,1.0,Urban,Y
Male,Yes,0.0,Graduate,Yes,6874,3525,150.0,360.0,1.0,Urban,Y
Female,No,2.0,Graduate,No,3196,1660,55.0,180.0,1.0,Semiurban,Y
Female,No,3.0,Graduate,No,7315,305,135.0,360.0,1.0,Rural,Y
Female,Yes,0.0,Not Graduate,No,10075,1322,77.0,180.0,1.0,Semiurban,Y
Male,Yes,2.0,Graduate,No,5406,1841,201.0,,1.0,Urban,Y
Male,Yes,0.0,Graduate,No,10606,3922,206.0,360.0,1.0,Semiurban,N
Male,Yes,,Graduate,No,6933,2232,94.0,360.0,1.0,Urban,Y
Male,Yes,1.0,Graduate,No,4232,661,165.0,360.0,1.0,Urban,Y
Male,No,1.0,Graduate,Yes,13524,1274,154.0,360.0,1.0,Urban,Y
Female,No,3.0,Graduate,No,2782,2327,120.0,360.0,1.0,Urban,Y
Female,No,1.0,Graduate,No,4806,1946,78.0,360.0,1.0,Semiurban,Y
Male,Yes,0.0,Graduate,No,5516,2037,100.0,360.0,1.0,Semiurban,Y
Female,No,2.0,Graduate,Yes,12476,386,,240.0,0.0,Urban,N
Female,No,3.0,Graduate,No,7801,2140,245.0,240.0,1.0,Rural,N
Male,No,0.0,Not Graduate,,7214,1583,105.0,300.0,1.0,Urban,Y
Male,Yes,3.0,Graduate,No,3926,2207,258.0,360.0,1.0,Rural,N
Male,No,,Graduate,No,5311,1507,159.0,120.0,1.0,Semiurban,Y
Male,Yes,2.0,Graduate,No,4280,1184,122.0,180.0,1.0,Urban,N
Male,Yes,0.0,Graduate,No,7105,2843,115.0,180.0,1.0,Rural,Y
Female,Yes,0.0,Graduate,No,9355,1871,81.0,360.0,0.0,Urban,Y
Male,No,0.0,Graduate,No,14929,454,171.0,,,Semiurban,N
Male,No,1.0,Graduate,No,4508,1451,280.0,240.0,1.0,Urban,N
Male,Yes,0.0,Graduate,No,2742,1023,119.0,360.0,1.0,Semiurban,Y
Male,Yes,0.0,Graduate,No,4844,915,73.0,,1.0,Semiurban,Y
Female,Yes,1.0,Graduate,No,8780,1922,186.0,300.0,1.0,Urban,Y
Female,Yes,3.0,Graduate,No,3696,1516,103.0,360.0,1.0,Urban,Y
Male,Yes,0.0,Graduate,No,5607,1895,81.0,180.0,1.0,Semiurban,Y
Male,Yes,0.0,Graduate,No,7256,2567,54.0,360.0,0.0,Urban,Y
Male,No,0.0,Graduate,No,4552,1253,168.0,300.0,1.0,Urban,N
,Yes,0.0,Graduate,No,6222,2493,226.0,360.0,1.0,Semiurban,Y
Male,Yes,2.0,Graduate,No,3523,798,63.0,360.0,1.0,Rural,Y
Male,Yes,2.0,Not Graduate,No,9648,2948,109.0,360.0,1.0,Urban,Y
Male,No,1.0,Graduate,No,5015,862,114.0,120.0,1.0,Urban,Y
Male,No,0.0,Graduate,No,6140,520,84.0,360.0,1.0,Rural,Y
Male,No,2.0,Graduate,No,2185,1751,254.0,180.0,1.0,Urban,Y
Male,Yes,1.0,Not Graduate,Yes,3285,1289,52.0,360.0,0.0,Semiurban,N
Male,Yes,2.0,Graduate,No,8648,1411,,360.0,1.0,Rural,Y
Male,Yes,1.0,Graduate,No,4522,460,176.0,360.0,1.0,Rural,Y
Male,No,2.0,Graduate,No,3610,484,83.0,360.0,1.0,Urban,Y
Female,No,1.0,Graduate,Yes,2630,1001,72.0,360.0,1.0,Urban,Y
Female,No,0.0,Graduate,No,9565,2196,91.0,360.0,1.0,Urban,Y
Male,No,3.0,Graduate,No,7649,1037,41.0,300.0,1.0,Rural,Y
Male,No,1.0,Not Graduate,No,7423,494,284.0,360.0,1.0,Rural,N
Male,Yes,1.0,Not Graduate,No,11254,2957,95.0,360.0,1.0,Urban,Y
Male,No,0.0,Graduate,No,4808,476,103.0,360.0,1.0,Semiurban,Y
Male,Yes,1.0,Graduate,No,2759,1445,309.0,360.0,1.0,Rural,N
Female,Yes,1.0,Not Graduate,Yes,5759,2206,46.0,360.0,1.0,Urban,Y
Male,Yes,0.0,Graduate,No,12224,948,119.0,360.0,1.0,Urban,Y
Male,Yes,0.0,Graduate,No,5813,2202,188.0,,1.0,Urban,Y
Male,Yes,1.0,Graduate,Yes,9245,3677,284.0,300.0,1.0,Semiurban,N
Male,Yes,2.0,Graduate,No,2813,2141,49.0,,1.0,Rural,Y
Male,Yes,1.0,Graduate,No,3887,1256,305.0,360.0,,Rural,N
Female,Yes,0.0,Graduate,No,8417,1418,108.0,180.0,1.0,Urban,Y
Male,Yes,1.0,Graduate,No,6083,142,109.0,300.0,1.0,Urban,Y
Female,Yes,0.0,Graduate,No,5360,847,64.0,360.0,1.0,Semiurban,Y
Female,Yes,0.0,Graduate,No,9188,153,133.0,120.0,1.0,Rural,Y
Male,Yes,0.0,Graduate,No,8366,620,306.0,360.0,1.0,Semiurban,N
Male,No,0.0,Not Graduate,Yes,6158,1333,131.0,360.0,1.0,Semiurban,Y
Male,No,0.0,Graduate,No,1445,1671,79.0,360.0,1.0,Semiurban,Y
Male,No,0.0,Graduate,No,5647,1937,88.0,360.0,1.0,Urban,Y
Male,No,0.0,Not Graduate,No,6837,4466,90.0,360.0,1.0,Semiurban,Y
Female,Yes,0.0,Not Graduate,No,2216,335,264.0,360.0,0.0,Rural,N
Male,No,1.0,Graduate,No,6732,598,294.0,180.0,1.0,Urban,N
Male,Yes,0.0,Graduate,No,9375,1621,52.0,360.0,1.0,Semiurban,Y
Female,Yes,0.0,Graduate,No,5642,2341,,360.0,0.0,Urban,Y
Male,No,2.0,Not Graduate,No,3411,762,72.0,360.0,1.0,Semiurban,Y
Female,Yes,,Not Graduate,No,1551,1521,93.0,360.0,1.0,Semiurban,Y
Male,No,1.0,Not Graduate,No,6793,1705,323.0,180.0,0.0,Semiurban,N
Male,No,0.0,Graduate,No,2363,3927,302.0,360.0,1.0,Rural,N
Female,No,0.0,Graduate,No,7396,386,127.0,360.0,1.0,Urban,Y
Male,No,1.0,Graduate,No,11955,1895,100.0,180.0,1.0,Semiurban,Y
Female,Yes,1.0,Graduate,No,1681,2391,35.0,360.0,1.0,Urban,Y
Female,Yes,2.0,Graduate,No,3975,2037,142.0,360.0,1.0,Rural,Y
Female,Yes,1.0,Graduate,No,5074,3173,134.0,360.0,1.0,Urban,Y
,Yes,3.0,Graduate,No,12266,496,63.0,,1.0,Rural,Y
Male,No,0.0,Graduate,No,5959,115,157.0,180.0,1.0,Urban,Y
Female,No,0.0,Graduate,No,4543,3050,203.0,360.0,1.0,Urban,N
Female,No,0.0,Graduate,Yes,8780,985,62.0,180.0,1.0,Urban,Y
Female,Yes,0.0,Graduate,,4661,1260,96.0,360.0,1.0,Rural,Y
Male,Yes,1.0,Graduate,Yes,3847,1387,198.0,360.0,1.0,Urban,Y
Male,Yes,1.0,Not Graduate,No,7344,1469,85.0,360.0,1.0,Urban,Y
Female,Yes,0.0,Graduate,No,9097,2563,94.0,360.0,1.0,Urban,Y
Male,No,3.0,Not Graduate,No,1289,1848,98.0,240.0,1.0,Urban,N
Female,Yes,2.0,Graduate,No,3834,364,161.0,360.0,1.0,Urban,Y
,Yes,0.0,Graduate,No,6186,1240,218.0,360.0,1.0,Semiurban,N
Male,Yes,0.0,Graduate,No,5178,1679,276.0,360.0,1.0,Urban,N
Female,No,0.0,Graduate,No,5568,1976,210.0,240.0,1.0,Semiurban,N
Female,No,0.0,Not Graduate,No,3428,1178,127.0,360.0,1.0,Urban,Y
Male,Yes,0.0,Graduate,No,7597,840,176.0,360.0,1.0,Semiurban,Y
Female,Yes,1.0,Not Graduate,No,10793,2663,59.0,360.0,1.0,Semiurban,Y
Male,Yes,0.0,Graduate,No,3791,967,344.0,360.0,1.0,Urban,N
Female,Yes,,Not Graduate,No,7594,2122,81.0,300.0,1.0,Urban,Y
Male,No,3.0,Graduate,No,8688,2527,,360.0,1.0,Urban,Y
Female,No,1.0,Not Graduate,No,6165,1609,138.0,360.0,1.0,Urban,N
Male,Yes,3.0,Graduate,Yes,7449,759,56.0,240.0,1.0,Semiurban,Y
Male,Yes,0.0,Graduate,No,4006,1857,81.0,360.0,0.0,Semiurban,N
Female,No,0.0,Graduate,No,10518,1076,225.0,360.0,1.0,Semiurban,N
Male,Yes,1.0,Not Graduate,No,9128,5579,118.0,300.0,1.0,Urban,Y
Male,No,0.0,Graduate,No,9596,2427,73.0,120.0,1.0,Urban,N
Female,Yes,0.0,Graduate,No,3141,2366,109.0,,1.0,Urban,Y
Female,Yes,1.0,Not Graduate,No,7026,2954,73.0,300.0,1.0,Semiurban,Y
Male,Yes,1.0,Graduate,No,4149,163,94.0,240.0,,Semiurban,N
Male,Yes,0.0,Graduate,Yes,10924,1243,48.0,240.0,0.0,Urban,Y
Male,No,0.0,Graduate,Yes,3830,2843,127.0,300.0,0.0,Rural,N
Male,Yes,0.0,Graduate,No,6279,840,137.0,360.0,0.0,Urban,N
Male,Yes,0.0,Not Graduate,No,1887,304,94.0,360.0,1.0,Rural,Y
Female,Yes,0.0,Not Graduate,No,6264,1490,224.0,300.0,0.0,Urban,N
,Yes,0.0,Graduate,Yes,3160,612,97.0,360.0,1.0,Rural,Y
Female,Yes,0.0,Not Graduate,No,7189,683,118.0,360.0,0.0,Urban,Y
Female,Yes,3.0,Graduate,No,5250,1173,91.0,360.0,1.0,Rural,Y
Male,No,1.0,Graduate,No,4727,444,103.0,360.0,1.0,Urban,Y
Male,Yes,2.0,Graduate,Yes,11050,1122,180.0,360.0,1.0,Urban,Y
Male,Yes,0.0,Graduate,Yes,13956,1629,61.0,240.0,1.0,Urban,Y
Male,No,0.0,Graduate,No,2699,4784,157.0,300.0,1.0,Rural,Y
Male,Yes,0.0,Not Graduate,Yes,4799,903,85.0,360.0,1.0,Rural,Y
Female,No,0.0,Not Graduate,No,8137,1194,62.0,360.0,1.0,Urban,Y
Male,Yes,0.0,Graduate,No,6658,2063,104.0,360.0,1.0,Semiurban,Y
Male,No,2.0,Graduate,Yes,7935,1018,264.0,300.0,1.0,Semiurban,Y
Male,No,1.0,Graduate,No,5426,795,168.0,360.0,1.0,Urban,Y
Female,No,,Not Graduate,No,9299,2867,103.0,360.0,1.0,Urban,Y
Male,No,0.0,Not Graduate,Yes,6155,3766,75.0,360.0,1.0,Rural,Y
Male,Yes,3.0,Graduate,No,6836,1008,297.0,300.0,0.0,Semiurban,N
Male,No,0.0,Not Graduate,No,3162,778,146.0,360.0,1.0,Urban,Y
Female,Yes,,Graduate,No,5870,680,129.0,360.0,1.0,Urban,N
Male,Yes,0.0,Graduate,No,8176,2115,166.0,360.0,1.0,Urban,Y
Female,Yes,2.0,Graduate,Yes,6491,3168,175.0,360.0,0.0,Semiurban,N
Female,Yes,3.0,Graduate,No,12715,1796,97.0,180.0,1.0,Urban,Y
Male,Yes,0.0,Graduate,No,5989,2169,192.0,360.0,1.0,Semiurban,N
Male,Yes,2.0,Graduate,No,7030,2724,54.0,180.0,1.0,Urban,Y
Female,Yes,2.0,Graduate,No,6139,3835,171.0,360.0,1.0,Urban,Y
Male,No,0.0,Graduate,,5510,1842,100.0,300.0,0.0,Urban,Y
Male,No,0.0,Graduate,No,8291,971,228.0,360.0,1.0,Rural,Y
Female,Yes,0.0,Graduate,No,5335,2272,96.0,,1.0,Urban,Y
Female,Yes,3.0,Graduate,No,3063,2941,207.0,360.0,1.0,Rural,Y
Female,Yes,0.0,Not Graduate,No,10823,1095,148.0,360.0,1.0,Urban,Y
Female,Yes,2.0,Graduate,No,4210,155,414.0,360.0,1.0,Semiurban,N
Male,Yes,0.0,Graduate,Yes,2630,950,188.0,360.0,1.0,Urban,N
Male,Yes,2.0,Graduate,No,7422,440,131.0,240.0,1.0,Semiurban,Y
Female,Yes,0.0,Not Graduate,No,11448,990,44.0,240.0,1.0,Rural,Y
Male,No,1.0,Not Graduate,,7502,1260,220.0,360.0,1.0,Urban,N
Male,Yes,2.0,Graduate,No,10126,1927,227.0,180.0,1.0,Urban,Y
Female,Yes,2.0,Graduate,No,3625,2152,105.0,360.0,1.0,Semiurban,Y
Male,Yes,2.0,Not Graduate,No,3085,1042,87.0,180.0,1.0,Urban,Y
Male,Yes,0.0,Graduate,Yes,4791,2015,196.0,360.0,1.0,Semiurban,Y
Male,Yes,1.0,Graduate,,8990,1905,147.0,360.0,1.0,Urban,Y
Male,No,0.0,Graduate,No,7200,1882,116.0,360.0,1.0,Semiurban,Y
Male,Yes,0.0,Graduate,No,7441,713,162.0,240.0,0.0,Semiurban,N
Male,Yes,1.0,Graduate,No,5988,2294,105.0,300.0,1.0,Urban,Y
Male,No,0.0,Graduate,No,4835,1559,225.0,,,Semiurban,N
,No,1.0,Graduate,No,6112,1287,110.0,180.0,0.0,Semiurban,N
Female,No,3.0,Not Graduate,No,5248,770,196.0,360.0,1.0,Urban,N
Male,Yes,0.0,Graduate,No,4677,1020,,360.0,1.0,Urban,Y
Female,No,1.0,Not Graduate,No,6740,2533,152.0,180.0,,Semiurban,N
Male,Yes,,Graduate,No,5016,2009,292.0,360.0,1.0,Urban,N
Male,Yes,0.0,Graduate,No,6393,837,98.0,360.0,0.0,Rural,N
Female,Yes,,Graduate,No,2002,1492,190.0,300.0,1.0,Semiurban,Y
Male,Yes,3.0,Not Graduate,No,6154,1946,259.0,360.0,1.0,Urban,N
Female,Yes,2.0,Not Graduate,Yes,5002,886,186.0,300.0,1.0,Rural,Y
Male,Yes,3.0,Graduate,No,10372,2267,232.0,360.0,1.0,Urban,Y
Female,No,3.0,Not Graduate,No,2569,239,138.0,360.0,1.0,Semiurban,N
Male,No,0.0,Graduate,No,5946,2253,181.0,240.0,1.0,Urban,Y
Female,No,0.0,Not Graduate,No,8221,2151,207.0,360.0,1.0,Semiurban,N
Male,Yes,1.0,Graduate,No,5346,1661,129.0,360.0,1.0,Semiurban,Y
Female,No,0.0,Not Graduate,No,4923,1141,375.0,300.0,1.0,Semiurban,N
Male,Yes,0.0,Graduate,Yes,8208,637,81.0,360.0,1.0,Urban,Y
Male,No,0.0,Graduate,No,7121,1398,73.0,360.0,1.0,Urban,Y
Female,Yes,1.0,Graduate,No,7363,1860,276.0,360.0,1.0,Urban,Y
Male,No,1.0,Graduate,No,4681,2301,253.0,360.0,1.0,Urban,Y
Male,Yes,0.0,Graduate,Yes,4407,745,88.0,360.0,1.0,Urban,Y
Female,No,0.0,Graduate,No,6397,994,232.0,360.0,1.0,Semiurban,N
Male,No,,Graduate,No,8514,1021,162.0,360.0,0.0,Rural,N
Male,Yes,1.0,Graduate,,2868,344,131.0,360.0,1.0,Urban,Y
Male,Yes,0.0,Graduate,No,5434,3047,86.0,120.0,1.0,Urban,Y
Female,No,2.0,Graduate,No,4500,3242,122.0,360.0,1.0,Rural,Y
Male,Yes,0.0,Not Graduate,Yes,5737,682,77.0,240.0,1.0,Rural,Y
Male,No,0.0,Graduate,No,7874,4156,111.0,180.0,1.0,Semiurban,N
Female,Yes,2.0,Graduate,No,3795,1169,76.0,360.0,0.0,Urban,N
Female,Yes,1.0,Graduate,No,7481,2278,58.0,360.0,1.0,Semiurban,Y
Male,Yes,0.0,Graduate,No,4756,2180,235.0,360.0,1.0,Rural,Y
Male,Yes,1.0,Graduate,Yes,9113,93,118.0,360.0,1.0,Urban,Y
Male,No,1.0,Graduate,No,3903,1443,155.0,360.0,1.0,Semiurban,Y
Male,Yes,2.0,Graduate,,8461,642,95.0,360.0,0.0,Semiurban,N
Male,Yes,2.0,Not Graduate,No,3022,185,115.0,300.0,1.0,Urban,Y
,Yes,,Graduate,No,6204,1598,75.0,300.0,0.0,Semiurban,Y
Male,Yes,0.0,Graduate,No,7551,2059,277.0,300.0,0.0,Semiurban,N
Male,No,0.0,Graduate,No,3953,850,34.0,360.0,1.0,Semiurban,Y
Female,No,0.0,Graduate,No,1712,1520,200.0,180.0,1.0,Semiurban,N
Female,Yes,0.0,Not Graduate,No,4571,3147,94.0,,1.0,Urban,Y
Female,No,1.0,Graduate,No,5765,1165,75.0,360.0,0.0,Semiurban,Y
Male,No,1.0,Graduate,No,4914,427,55.0,360.0,1.0,Semiurban,Y
Male,Yes,0.0,Graduate,,4370,2440,137.0,360.0,,Rural,N
Female,No,0.0,Graduate,No,8264,1028,188.0,240.0,1.0,Urban,N
,Yes,0.0,Graduate,No,9528,799,178.0,360.0,1.0,Urban,Y
Male,Yes,0.0,Not Graduate,No,9277,1101,102.0,360.0,0.0,Rural,N
Female,No,2.0,Not Graduate,Yes,6988,1070,114.0,360.0,1.0,Semiurban,N
Female,Yes,0.0,Not Graduate,No,7412,265,73.0,360.0,1.0,Rural,N
Female,No,1.0,Not Graduate,No,3639,1701,81.0,180.0,1.0,Urban,Y
Female,No,3.0,Graduate,No,5523,1678,234.0,360.0,1.0,Urban,N
Male,Yes,0.0,Graduate,No,5982,1125,44.0,240.0,1.0,Urban,Y
Male,No,0.0,Not Graduate,No,6502,1585,41.0,300.0,1.0,Rural,Y
Female,Yes,0.0,Not Graduate,No,6450,2156,88.0,240.0,1.0,Rural,N
Female,Yes,1.0,Not Graduate,No,5772,1661,275.0,360.0,1.0,Semiurban,Y
Male,No,1.0,Graduate,No,6952,770,130.0,360.0,1.0,Urban,Y
Male,No,0.0,Graduate,No,6322,631,376.0,360.0,1.0,Urban,N
Male,Yes,1.0,Not Graduate,No,6315,4559,,360.0,1.0,Semiurban,Y
Female,Yes,2.0,Graduate,No,4080,1691,181.0,240.0,0.0,Semiurban,N
Female,No,0.0,Not Graduate,No,3238,1222,218.0,360.0,1.0,Semiurban,N
Male,No,0.0,Graduate,No,6516,1984,342.0,360.0,1.0,Urban,Y
Male,No,2.0,Graduate,No,4665,857,92.0,360.0,0.0,Semiurban,N
Male,Yes,1.0,Graduate,,4171,2456,129.0,360.0,1.0,Urban,Y
Female,Yes,2.0,Not Graduate,No,7638,1039,116.0,300.0,0.0,Semiurban,N
Female,Yes,1.0,Graduate,No,5550,206,,360.0,0.0,Semiurban,N
Female,No,2.0,Graduate,No,10147,1284,260.0,360.0,1.0,Rural,Y
Male,Yes,0.0,Not Graduate,Yes,7279,563,260.0,360.0,1.0,Semiurban,N
Male,Yes,2.0,Graduate,No,3960,1173,91.0,360.0,1.0,Urban,Y
Male,No,3.0,Not Graduate,No,7680,1055,81.0,360.0,1.0,Urban,Y
Male,Yes,1.0,Graduate,No,6805,1818,179.0,240.0,0.0,Rural,N
Female,No,0.0,Not Graduate,No,3889,3612,68.0,360.0,0.0,Urban,N
Female,No,0.0,Graduate,No,4402,2293,191.0,360.0,1.0,Urban,Y
Female,No,0.0,Not Graduate,Yes,7519,1688,129.0,240.0,1.0,Rural,Y
Female,Yes,0.0,Not Graduate,No,2297,1500,240.0,180.0,1.0,Semiurban,N
Male,Yes,0.0,Graduate,No,1848,1729,221.0,360.0,1.0,Semiurban,Y
Female,No,1.0,Graduate,,6156,3319,138.0,240.0,1.0,Urban,Y
Female,No,1.0,Graduate,No,5950,1964,65.0,240.0,0.0,Rural,Y
Female,No,0.0,Graduate,Yes,6402,210,68.0,360.0,1.0,Urban,Y
Male,Yes,1.0,Not Graduate,No,5958,590,133.0,360.0,1.0,Urban,Y
Male,No,0.0,Graduate,No,6913,2750,164.0,300.0,1.0,Urban,N
Male,No,0.0,Graduate,No,9586,1659,109.0,360.0,1.0,Urban,Y
Female,No,0.0,Graduate,No,5716,3276,77.0,360.0,1.0,Rural,Y
Male,No,1.0,Not Graduate,No,2752,2195,111.0,360.0,1.0,Semiurban,N
Male,No,0.0,Not Graduate,No,2153,1464,241.0,360.0,1.0,Semiurban,N
,No,0.0,Graduate,No,4856,1446,111.0,360.0,1.0,Rural,Y
Male,Yes,0.0,Graduate,No,4914,847,93.0,240.0,1.0,Urban,Y
Male,Yes,2.0,Graduate,No,2987,1151,67.0,360.0,1.0,Urban,Y
Male,Yes,0.0,Graduate,No,1663,459,124.0,120.0,1.0,Semiurban,Y
Female,Yes,1.0,Graduate,No,4691,693,222.0,180.0,0.0,Semiurban,N
Male,Yes,1.0,Graduate,No,11421,556,227.0,360.0,1.0,Semiurban,Y
Female,Yes,2.0,Graduate,Yes,6787,1328,83.0,120.0,1.0,Urban,Y
Male,Yes,3.0,Graduate,No,6524,925,138.0,360.0,,Semiurban,Y
Female,Yes,0.0,Graduate,Yes,5273,296,,360.0,1.0,Urban,Y
Male,No,0.0,Graduate,No,4852,1988,106.0,300.0,1.0,Urban,Y
Male,No,2.0,Graduate,No,7091,999,123.0,120.0,1.0,Urban,Y
Female,Yes,0.0,Not Graduate,No,3163,2399,98.0,360.0,1.0,Urban,N
Male,No,1.0,Graduate,,12752,1900,17.0,360.0,1.0,Urban,Y
Male,Yes,1.0,Graduate,Yes,3281,4907,278.0,360.0,1.0,Urban,N
Male,Yes,1.0,Graduate,No,7376,1336,92.0,360.0,1.0,Rural,Y
Female,Yes,3.0,Not Graduate,,3430,861,88.0,240.0,0.0,Rural,Y
Male,Yes,3.0,Not Graduate,No,6025,684,82.0,120.0,0.0,Semiurban,N
Female,No,2.0,Graduate,No,7726,2128,53.0,360.0,1.0,Rural,Y
Male,No,0.0,Graduate,No,2484,2270,282.0,240.0,1.0,Rural,N
Male,Yes,,Graduate,No,3615,1354,128.0,360.0,1.0,Urban,Y
Male,Yes,0.0,Graduate,No,3731,1632,165.0,360.0,1.0,Semiurban,Y
Male,Yes,0.0,Graduate,No,5041,2802,154.0,360.0,1.0,Rural,Y
Male,Yes,2.0,Graduate,No,6363,2199,97.0,360.0,1.0,Semiurban,Y
Male,Yes,0.0,Graduate,No,11526,1697,127.0,360.0,1.0,Urban,Y
Male,Yes,0.0,Graduate,No,4384,478,184.0,,1.0,Semiurban,N
Female,No,0.0,Graduate,No,11195,710,57.0,360.0,1.0,Urban,Y
Male,No,2.0,Graduate,No,6681,1026,105.0,360.0,0.0,Urban,N
Male,Yes,1.0,Graduate,No,3227,1076,114.0,,1.0,Urban,Y
Female,No,1.0,Graduate,No,5284,767,95.0,,0.0,Urban,N
Male,Yes,0.0,Graduate,No,2776,693,94.0,360.0,0.0,Urban,N
Male,Yes,2.0,Not Graduate,No,4857,1110,140.0,,1.0,Rural,N
Female,Yes,2.0,Graduate,No,4703,1514,246.0,180.0,1.0,Urban,Y
Female,No,0.0,Graduate,Yes,6070,1929,161.0,300.0,1.0,Urban,Y
Male,No,0.0,Not Graduate,No,7387,272,81.0,,1.0,Urban,Y
Female,No,0.0,Graduate,No,5474,932,415.0,180.0,1.0,Semiurban,N
Male,Yes,3.0,Graduate,No,3408,308,248.0,360.0,1.0,Rural,Y
Male,No,,Graduate,,13649,1341,99.0,180.0,1.0,Urban,Y
Male,Yes,3.0,Not Graduate,No,10128,1325,250.0,360.0,1.0,Urban,Y
Female,No,0.0,Not Graduate,,11859,1244,142.0,,1.0,Semiurban,N
Male,Yes,2.0,Graduate,No,5231,1106,66.0,180.0,1.0,Semiurban,Y
,Yes,2.0,Graduate,No,6549,947,,240.0,1.0,Urban,Y
Male,Yes,1.0,Graduate,No,5099,1249,81.0,360.0,1.0,Urban,Y
Male,No,3.0,Graduate,No,6092,1963,165.0,360.0,1.0,Semiurban,Y
Male,Yes,0.0,Graduate,No,6238,1003,138.0,360.0,0.0,Urban,N
Male,No,0.0,Graduate,No,3011,505,172.0,360.0,1.0,Rural,N
Male,Yes,1.0,Graduate,No,4899,1628,293.0,360.0,1.0,Urban,N
Male,No,2.0,Not Graduate,No,8789,2280,126.0,360.0,1.0,Urban,N
Male,No,1.0,Graduate,No,8451,482,65.0,300.0,1.0,Rural,Y
Male,No,0.0,Graduate,Yes,4858,415,88.0,360.0,1.0,Rural,Y
Male,Yes,1.0,Graduate,No,6292,467,63.0,,1.0,Urban,Y
Male,Yes,0.0,Not Graduate,No,5028,1235,52.0,360.0,0.0,Rural,N
Female,Yes,0.0,Graduate,No,7513,3788,219.0,360.0,1.0,Semiurban,Y
Male,No,1.0,Graduate,No,2473,3403,135.0,,1.0,Urban,Y
Female,Yes,2.0,Graduate,No,7100,1632,119.0,300.0,1.0,Semiurban,Y
Male,Yes,0.0,Graduate,No,10430,456,100.0,360.0,1.0,Urban,Y
Male,Yes,0.0,Not Graduate,No,4059,3377,194.0,360.0,1.0,Urban,Y
Male,Yes,0.0,Graduate,No,9798,3495,,360.0,1.0,Urban,Y
Male,No,0.0,Graduate,No,6434,668,80.0,300.0,1.0,Semiurban,Y
Male,Yes,2.0,Graduate,No,5468,1354,161.0,360.0,1.0,Rural,Y
Male,No,3.0,Graduate,No,4840,2272,212.0,360.0,1.0,Urban,Y
Male,Yes,0.0,Not Graduate,No,9951,3089,145.0,360.0,1.0,Urban,Y
Male,Yes,2.0,Graduate,No,5035,1210,186.0,360.0,1.0,Semiurban,Y
Male,Yes,2.0,Graduate,No,11126,2430,65.0,,1.0,Semiurban,Y
Male,Yes,2.0,Graduate,No,10554,1747,,240.0,1.0,Rural,N
Male,Yes,0.0,Graduate,No,4523,1679,194.0,240.0,1.0,Urban,N
Male,No,3.0,Not Graduate,No,5208,1572,170.0,360.0,,Semiurban,N
Female,Yes,0.0,Graduate,No,2091,3906,,360.0,1.0,Urban,Y
Male,No,0.0,Not Graduate,,5550,1412,109.0,240.0,1.0,Semiurban,Y
Female,Yes,0.0,Not Graduate,No,5867,1904,72.0,360.0,1.0,Urban,Y
Male,Yes,0.0,Graduate,No,9203,3921,63.0,360.0,1.0,Urban,Y
Male,No,0.0,Graduate,Yes,10809,2000,57.0,240.0,1.0,Semiurban,Y
,Yes,0.0,Graduate,No,7827,893,160.0,360.0,1.0,Rural,N
Female,Yes,0.0,Graduate,No,8868,1304,102.0,300.0,0.0,Semiurban,Y
Male,Yes,2.0,Graduate,No,5206,722,259.0,180.0,1.0,Rural,N
Male,Yes,2.0,Graduate,Yes,3106,1287,232.0,360.0,,Urban,N
Female,No,0.0,Graduate,Yes,6428,1211,,360.0,1.0,Semiurban,Y
Female,Yes,2.0,Graduate,No,9134,1015,173.0,120.0,1.0,Semiurban,Y
Male,No,2.0,Graduate,No,1277,1573,87.0,,1.0,Semiurban,N
Male,No,2.0,Graduate,,5994,333,96.0,300.0,0.0,Rural,N
Male,Yes,,Graduate,No,2247,4483,,120.0,1.0,Rural,Y
,No,1.0,Graduate,No,3903,1229,71.0,180.0,1.0,Semiurban,Y
Male,Yes,3.0,Not Graduate,Yes,6103,1358,121.0,180.0,1.0,Semiurban,N
Male,No,1.0,Graduate,No,10888,3339,210.0,240.0,0.0,Rural,N
Male,Yes,0.0,Not Graduate,No,5723,1981,117.0,360.0,0.0,Urban,N
Female,No,1.0,Graduate,No,7600,996,85.0,360.0,1.0,Rural,Y
Male,Yes,1.0,Graduate,No,6400,1104,117.0,180.0,1.0,Rural,Y
Male,Yes,1.0,Graduate,No,4016,2736,140.0,180.0,1.0,Semiurban,Y
Female,No,0.0,Graduate,No,6966,2991,98.0,300.0,0.0,Semiurban,N
Female,No,0.0,Graduate,No,3064,915,121.0,360.0,1.0,Urban,Y
Male,Yes,2.0,Graduate,Yes,5686,3287,411.0,300.0,1.0,Urban,N
Male,Yes,2.0,Graduate,No,9867,361,56.0,240.0,0.0,Semiurban,Y
Male,No,0.0,Graduate,No,6180,3578,35.0,360.0,,Urban,Y
Male,No,3.0,Graduate,,6401,1768,135.0,360.0,1.0,Semiurban,Y
Male,No,,Not Graduate,No,4854,3260,157.0,120.0,1.0,Rural,Y
Male,No,1.0,Graduate,No,2566,2125,118.0,360.0,1.0,Urban,Y
Male,No,2.0,Graduate,No,5113,961,74.0,300.0,1.0,Urban,Y
Male,No,2.0,Graduate,No,8261,1277,257.0,120.0,1.0,Semiurban,N
Male,Yes,3.0,Not Graduate,No,6767,989,130.0,360.0,1.0,Urban,Y
Male,Yes,0.0,Not Graduate,No,3154,778,138.0,360.0,1.0,Semiurban,Y
Male,No,2.0,Graduate,No,2185,1922,192.0,360.0,1.0,Semiurban,Y
Male,No,0.0,Not Graduate,No,3994,261,115.0,300.0,0.0,Urban,N
Male,Yes,2.0,Graduate,No,5137,1219,110.0,360.0,1.0,Urban,N
Female,Yes,2.0,Graduate,No,5307,1473,257.0,300.0,1.0,Rural,Y
Male,No,1.0,Not Graduate,No,5339,274,47.0,360.0,1.0,Urban,Y
Female,Yes,0.0,Not Graduate,Yes,5697,1736,152.0,360.0,1.0,Semiurban,Y
Female,Yes,2.0,Graduate,No,6868,2120,145.0,180.0,0.0,Rural,N
Male,Yes,0.0,Not Graduate,No,4701,1910,102.0,360.0,1.0,Rural,Y
Male,Yes,0.0,Graduate,No,3582,1891,118.0,360.0,1.0,Urban,Y
Male,Yes,2.0,Not Graduate,No,7221,1501,246.0,300.0,0.0,Semiurban,N
Male,Yes,0.0,Graduate,No,8349,607,81.0,360.0,1.0,Semiurban,Y
Female,Yes,2.0,Graduate,No,4355,64,186.0,360.0,1.0,Semiurban,Y
Male,No,0.0,Graduate,No,12792,1193,128.0,240.0,0.0,Rural,Y
Male,Yes,0.0,Graduate,No,10627,957,176.0,360.0,1.0,Semiurban,Y
Male,No,2.0,Graduate,No,3266,1471,158.0,360.0,1.0,Urban,Y
Male,No,1.0,Graduate,No,2271,744,34.0,360.0,1.0,Semiurban,Y
Male,Yes,0.0,Graduate,No,5240,2837,80.0,360.0,0.0,Semiurban,Y
Male,No,2.0,Graduate,No,6420,352,87.0,360.0,1.0,Semiurban,Y
Male,Yes,1.0,Graduate,No,12707,862,74.0,300.0,1.0,Urban,Y
Female,No,,Graduate,No,12514,1152,93.0,360.0,,Urban,N
Male,Yes,0.0,Graduate,Yes,7608,1926,138.0,240.0,1.0,Rural,Y
Male,No,2.0,Graduate,No,4746,1933,201.0,300.0,1.0,Urban,N
Male,No,2.0,Not Graduate,No,9382,2557,61.0,300.0,1.0,Urban,Y
Male,Yes,,Not Graduate,No,6012,2316,129.0,360.0,1.0,Rural,Y
Male,Yes,0.0,Graduate,No,2922,1208,148.0,360.0,1.0,Semiurban,Y
Male,No,2.0,Graduate,No,2979,2444,221.0,240.0,0.0,Urban,N
Male,No,1.0,Graduate,No,4761,1219,272.0,360.0,1.0,Semiurban,N
,Yes,1.0,Graduate,No,8688,327,115.0,300.0,1.0,Semiurban,Y
Male,No,0.0,Graduate,No,3404,364,75.0,360.0,,Semiurban,Y
Female,Yes,2.0,Not Graduate,Yes,4756,1125,153.0,360.0,1.0,Rural,N
Male,No,2.0,Graduate,No,10585,566,77.0,120.0,1.0,Urban,Y
Male,Yes,0.0,Graduate,No,6762,1280,147.0,120.0,1.0,Semiurban,Y
Male,No,0.0,Graduate,Yes,11886,2364,85.0,180.0,1.0,Urban,N
Female,Yes,2.0,Not Graduate,No,7119,1041,166.0,240.0,0.0,Urban,N
Male,Yes,0.0,Graduate,Yes,8829,217,88.0,360.0,1.0,Semiurban,Y
Male,Yes,3.0,Graduate,No,4802,2013,259.0,240.0,1.0,Urban,Y
Female,Yes,1.0,Graduate,No,10908,957,129.0,360.0,1.0,Semiurban,Y
Female,Yes,1.0,Graduate,Yes,7711,1151,50.0,360.0,1.0,Urban,Y
Female,Yes,0.0,Graduate,Yes,5387,5330,204.0,360.0,0.0,Urban,N
Male,No,,Graduate,No,9983,2559,116.0,240.0,1.0,Semiurban,Y
Male,Yes,3.0,Not Graduate,No,7559,2984,172.0,360.0,1.0,Semiurban,Y
,Yes,0.0,Graduate,No,5636,1063,206.0,360.0,1.0,Urban,N
Female,Yes,2.0,Graduate,No,7214,4584,132.0,360.0,1.0,Rural,Y
Male,Yes,0.0,Graduate,No,3743,668,59.0,360.0,1.0,Urban,Y
Male,Yes,0.0,Graduate,No,9397,333,139.0,180.0,1.0,Urban,Y
Male,Yes,0.0,Graduate,Yes,12609,5119,242.0,180.0,1.0,Urban,Y
Female,Yes,1.0,Graduate,No,2506,222,122.0,360.0,1.0,Urban,N
Male,Yes,3.0,Graduate,No,4332,962,158.0,360.0,1.0,Urban,Y
Male,Yes,0.0,Not Graduate,No,4160,2035,81.0,360.0,1.0,Rural,Y
Male,Yes,0.0,Graduate,No,7928,1074,53.0,300.0,1.0,Semiurban,Y
Male,Yes,,Graduate,No,6270,814,117.0,360.0,1.0,Urban,Y
Male,Yes,1.0,Not Graduate,Yes,4645,1414,130.0,300.0,1.0,Rural,Y
Male,No,0.0,Graduate,No,4981,1348,218.0,240.0,1.0,Urban,Y
Male,Yes,2.0,Graduate,No,4445,1539,135.0,360.0,1.0,Urban,Y
Male,No,1.0,Graduate,No,7486,3173,210.0,240.0,1.0,Urban,Y
Male,Yes,1.0,Graduate,No,6223,2118,101.0,360.0,1.0,Urban,Y
Male,No,0.0,Not Graduate,No,4869,1180,58.0,360.0,0.0,Semiurban,N
Male,No,3.0,Graduate,No,4483,1690,163.0,360.0,0.0,Urban,N
,Yes,0.0,Graduate,,10061,29,254.0,360.0,1.0,Semiurban,N
Male,No,0.0,Graduate,No,9290,1245,94.0,360.0,1.0,Semiurban,Y
Male,Yes,1.0,Graduate,No,7525,1790,,300.0,1.0,Rural,Y
Male,Yes,1.0,Graduate,No,8849,746,178.0,360.0,1.0,Semiurban,Y
Male,No,0.0,Graduate,No,2937,987,53.0,360.0,,Urban,Y
Female,No,0.0,Not Graduate,No,3389,2568,115.0,360.0,1.0,Urban,Y
Male,Yes,2.0,Not Graduate,No,3207,557,182.0,360.0,1.0,Semiurban,Y
Female,Yes,0.0,Graduate,No,5716,2615,153.0,240.0,0.0,Urban,Y
Male,Yes,2.0,Graduate,Yes,8980,3935,182.0,120.0,0.0,Urban,Y
Female,Yes,,Not Graduate,No,4677,1010,167.0,180.0,1.0,Semiurban,Y
Female,No,0.0,Graduate,No,9533,565,122.0,360.0,1.0,Urban,Y
Male,Yes,0.0,Graduate,No,4327,780,130.0,360.0,1.0,Rural,Y
Male,Yes,0.0,Graduate,No,5356,3751,215.0,360.0,1.0,Urban,Y
Male,Yes,2.0,Not Graduate,No,4652,535,138.0,360.0,1.0,Rural,N
Male,Yes,1.0,Not Graduate,No,5167,567,87.0,360.0,1.0,Rural,Y
Female,Yes,0.0,Graduate,No,5430,218,116.0,120.0,1.0,Urban,Y
,No,1.0,Graduate,No,2235,971,158.0,240.0,1.0,Semiurban,N
Female,No,3.0,Graduate,No,6678,1576,209.0,360.0,1.0,Semiurban,Y
Male,No,0.0,Graduate,No,5371,3421,52.0,360.0,,Semiurban,Y
Female,Yes,3.0,Graduate,No,10897,1044,112.0,240.0,1.0,Semiurban,Y
Female,No,0.0,Not Graduate,No,7359,1991,201.0,360.0,1.0,Semiurban,Y
Male,No,0.0,Graduate,No,6547,794,81.0,300.0,1.0,Urban,Y
Male,No,0.0,Not Graduate,No,10605,474,81.0,360.0,1.0,Urban,Y
Female,Yes,0.0,Graduate,No,10123,3110,129.0,180.0,0.0,Rural,N
Male,Yes,0.0,Graduate,No,11116,1543,50.0,360.0,1.0,Urban,Y
Female,Yes,0.0,Graduate,No,4454,2112,,300.0,1.0,Urban,N
Male,Yes,3.0,Graduate,No,3167,1509,157.0,360.0,1.0,Urban,N
Female,Yes,2.0,Graduate,No,2241,319,174.0,360.0,0.0,Rural,N
Male,Yes,2.0,Not Graduate,No,8795,2557,223.0,360.0,1.0,Semiurban,Y
Male,Yes,,Not Graduate,,2052,753,369.0,360.0,1.0,Rural,Y
Male,No,0.0,Graduate,,6265,1914,123.0,120.0,1.0,Rural,Y
Female,Yes,0.0,Graduate,,8227,500,52.0,120.0,1.0,Rural,Y
Female,Yes,2.0,Not Graduate,No,2617,535,150.0,360.0,1.0,Semiurban,Y
Male,No,3.0,Graduate,No,9370,805,84.0,360.0,1.0,Urban,Y
Male,No,0.0,Graduate,No,7098,638,67.0,300.0,1.0,Urban,Y
,No,,Graduate,No,9346,454,99.0,360.0,1.0,Semiurban,N
Male,No,1.0,Not Graduate,No,6326,5032,121.0,,1.0,Urban,Y
Female,Yes,0.0,Graduate,Yes,3575,1371,225.0,240.0,0.0,Semiurban,N
Male,No,0.0,Graduate,Yes,4595,279,292.0,360.0,1.0,Semiurban,N
Male,Yes,1.0,Not Graduate,No,8403,478,72.0,360.0,1.0,Semiurban,Y
Male,Yes,2.0,Graduate,No,2496,677,102.0,360.0,1.0,Urban,Y
Male,Yes,0.0,Graduate,No,4419,911,171.0,360.0,1.0,Urban,N
Female,Yes,0.0,Graduate,No,4126,2221,182.0,360.0,1.0,Semiurban,Y
Male,Yes,3.0,Not Graduate,Yes,5464,1577,76.0,300.0,1.0,Urban,Y
Male,No,0.0,Graduate,No,7470,1344,201.0,360.0,0.0,Semiurban,N
Female,No,0.0,Not Graduate,No,9238,347,87.0,360.0,1.0,Semiurban,Y
Male,Yes,0.0,Graduate,Yes,2840,1963,75.0,240.0,1.0,Rural,N
Male,Yes,0.0,Graduate,Yes,3695,324,,300.0,1.0,Rural,Y
,No,0.0,Not Graduate,Yes,3007,1146,228.0,,1.0,Semiurban,Y
Male,No,2.0,Graduate,Yes,5565,1657,150.0,360.0,1.0,Semiurban,N
Male,Yes,0.0,Graduate,No,3193,1700,137.0,240.0,1.0,Urban,Y
Female,No,0.0,Graduate,No,6654,1499,123.0,180.0,1.0,Urban,N
Male,Yes,1.0,Graduate,,3403,1547,133.0,300.0,0.0,Semiurban,N
Male,Yes,1.0,Graduate,No,9802,1454,114.0,300.0,,Semiurban,Y
Male,No,2.0,Graduate,No,2282,403,169.0,360.0,1.0,Semiurban,Y
Female,Yes,,Graduate,No,3758,382,133.0,360.0,0.0,Urban,N
Male,Yes,,Not Graduate,No,11170,2383,357.0,360.0,,Rural,N
Male,No,2.0,Graduate,No,6187,2408,153.0,300.0,0.0,Urban,N
,No,0.0,Not Graduate,No,4455,529,114.0,360.0,1.0,Rural,N
Female,Yes,3.0,Graduate,No,16278,1517,72.0,180.0,1.0,Semiurban,Y
Male,Yes,0.0,Graduate,Yes,4972,1751,77.0,120.0,1.0,Urban,Y
Male,Yes,3.0,Graduate,No,7338,1345,156.0,360.0,1.0,Urban,Y
Male,No,2.0,Graduate,No,3838,2626,96.0,180.0,1.0,Urban,Y
Female,Yes,0.0,Graduate,No,3512,936,141.0,300.0,1.0,Rural,Y
Male,Yes,1.0,Not Graduate,No,7533,1004,234.0,360.0,1.0,Rural,Y
Male,No,3.0,Not Graduate,No,11628,2645,64.0,240.0,0.0,Semiurban,N
Female,Yes,2.0,Not Graduate,No,4548,414,118.0,360.0,1.0,Semiurban,Y
Female,Yes,0.0,Graduate,Yes,3385,2320,29.0,300.0,1.0,Semiurban,Y
Male,Yes,2.0,Not Graduate,No,8728,3520,53.0,120.0,1.0,Semiurban,Y
Female,No,0.0,Graduate,No,4569,1930,144.0,360.0,0.0,Semiurban,N
Male,Yes,0.0,Graduate,No,6695,1268,57.0,,1.0,Urban,Y
Female,Yes,0.0,Not Graduate,No,4484,432,63.0,360.0,0.0,Rural,N
Male,No,0.0,Graduate,No,4841,1511,276.0,360.0,1.0,Semiurban,N
Male,Yes,2.0,Graduate,No,3686,728,91.0,360.0,1.0,Urban,N
Female,Yes,0.0,Graduate,No,7624,1065,74.0,360.0,1.0,Rural,Y
Male,Yes,2.0,Graduate,Yes,6785,1732,234.0,,1.0,Semiurban,Y
Male,Yes,0.0,Graduate,No,6678,645,74.0,360.0,1.0,Urban,Y
Female,Yes,0.0,Graduate,No,4031,497,152.0,360.0,1.0,Urban,Y
Female,Yes,0.0,Not Graduate,No,6518,865,154.0,360.0,1.0,Semiurban,Y
Male,Yes,0.0,Graduate,No,12341,3263,195.0,360.0,0.0,Rural,Y
Female,Yes,0.0,Graduate,Yes,3396,1757,67.0,180.0,1.0,Rural,Y
Male,No,0.0,Graduate,No,3852,719,81.0,360.0,0.0,Semiurban,N
Male,No,1.0,Graduate,No,3953,786,91.0,360.0,1.0,Urban,N
Male,No,0.0,Graduate,No,5943,2880,83.0,360.0,0.0,Urban,N
Male,No,0.0,Graduate,No,3271,379,188.0,360.0,1.0,Urban,Y
Female,Yes,0.0,Not Graduate,No,7102,3218,154.0,360.0,1.0,Rural,Y
Male,No,2.0,Not Graduate,No,2152,624,166.0,360.0,1.0,Rural,N
Male,Yes,3.0,Not Graduate,No,8039,3131,52.0,360.0,1.0,Urban,Y
Male,No,0.0,Not Graduate,Yes,6623,2373,142.0,360.0,1.0,Rural,Y
Female,No,0.0,Graduate,No,12212,559,252.0,360.0,1.0,Semiurban,N
Male,No,0.0,Not Graduate,No,3474,2129,334.0,360.0,,Urban,N
Male,No,3.0,Graduate,Yes,8885,296,99.0,360.0,1.0,Semiurban,Y
Male,Yes,0.0,Graduate,Yes,5379,2696,197.0,300.0,1.0,Rural,Y
Male,Yes,0.0,Graduate,No,4893,547,82.0,360.0,1.0,Urban,Y
Male,Yes,0.0,Graduate,No,3392,2701,53.0,360.0,1.0,Rural,Y
Female,Yes,0.0,Graduate,No,4515,404,55.0,360.0,1.0,Urban,Y
Female,Yes,0.0,Not Graduate,Yes,4611,580,235.0,360.0,1.0,Urban,N
Male,No,2.0,Graduate,No,2626,3759,103.0,240.0,1.0,Urban,Y
Female,No,0.0,Graduate,Yes,6591,1891,93.0,120.0,1.0,Rural,N
,Yes,1.0,Graduate,No,6204,631,185.0,300.0,1.0,Semiurban,Y
Female,No,0.0,Graduate,No,7324,1624,62.0,360.0,1.0,Rural,Y
Male,No,0.0,Graduate,No,4238,1598,162.0,180.0,,Semiurban,Y
Male,No,3.0,Graduate,No,8177,1111,114.0,,1.0,Semiurban,Y
Male,No,0.0,Graduate,No,10036,1587,318.0,300.0,1.0,Rural,N
Male,Yes,2.0,Graduate,No,5067,2902,102.0,360.0,1.0,Semiurban,Y
Female,No,1.0,Not Graduate,No,3509,2328,118.0,,1.0,Rural,Y
Female,No,0.0,Graduate,No,5803,1952,54.0,180.0,1.0,Urban,Y
Female,Yes,3.0,Graduate,No,5680,616,343.0,360.0,0.0,Semiurban,N
Male,Yes,0.0,Graduate,Yes,5191,399,106.0,240.0,1.0,Semiurban,Y
Male,No,2.0,Graduate,Yes,7332,1260,282.0,360.0,1.0,Rural,N
Female,Yes,0.0,Not Graduate,No,4783,2363,45.0,120.0,1.0,Urban,Y
Female,No,2.0,Graduate,,3373,175,147.0,,1.0,Semiurban,Y
Male,No,0.0,Graduate,No,6047,910,325.0,360.0,1.0,Semiurban,N
Female,Yes,1.0,Not Graduate,No,7492,1860,91.0,300.0,1.0,Urban,N
Female,Yes,2.0,Graduate,No,7769,3177,142.0,180.0,1.0,Urban,Y
Male,No,,Graduate,No,4637,1254,239.0,300.0,0.0,Urban,Y
Male,Yes,3.0,Graduate,No,6439,859,106.0,360.0,0.0,Rural,Y
Male,Yes,2.0,Not Graduate,No,10161,1345,53.0,240.0,1.0,Semiurban,Y
Male,Yes,2.0,Not Graduate,No,10122,1955,98.0,360.0,1.0,Urban,Y
Male,Yes,0.0,Graduate,No,9001,265,148.0,360.0,1.0,Rural,Y
Female,No,0.0,Graduate,Yes,2540,591,147.0,360.0,1.0,Urban,N
Male,Yes,0.0,Graduate,No,4803,655,180.0,120.0,1.0,Semiurban,N
,No,,Not Graduate,Yes,9824,1003,80.0,240.0,1.0,Rural,Y
Male,Yes,0.0,Not Graduate,Yes,2533,2786,312.0,300.0,0.0,Rural,N
Male,Yes,1.0,Graduate,No,5471,545,,360.0,0.0,Urban,Y
Female,No,0.0,Not Graduate,No,4205,762,133.0,300.0,1.0,Semiurban,N
Male,No,1.0,Graduate,No,6502,385,,360.0,1.0,Semiurban,Y
Male,Yes,0.0,Graduate,No,1771,1010,144.0,360.0,1.0,Rural,N
Female,Yes,0.0,Graduate,No,9401,1088,68.0,180.0,1.0,Semiurban,Y
Male,Yes,1.0,Graduate,No,5594,1156,242.0,360.0,1.0,Rural,Y
Male,Yes,2.0,Not Graduate,No,3263,5515,,180.0,1.0,Urban,Y
Male,No,2.0,Graduate,No,3926,2349,158.0,300.0,1.0,Semiurban,Y
Male,Yes,1.0,Graduate,No,6605,1296,142.0,240.0,1.0,Semiurban,Y
Male,Yes,0.0,Not Graduate,No,3780,1932,141.0,240.0,1.0,Semiurban,Y
Male,Yes,1.0,Not Graduate,No,11457,825,51.0,360.0,0.0,Semiurban,Y
Male,No,,Graduate,Yes,5295,4817,91.0,360.0,1.0,Rural,Y
Female,No,0.0,Graduate,No,10514,2424,157.0,240.0,1.0,Rural,Y
Male,Yes,0.0,Graduate,No,6052,2197,52.0,360.0,1.0,Urban,Y
Male,No,0.0,Graduate,No,7623,3248,114.0,360.0,1.0,Rural,Y
Male,Yes,0.0,Not Graduate,Yes,7418,4054,135.0,180.0,0.0,Urban,N
Male,Yes,3.0,Not Graduate,No,4456,558,,180.0,1.0,Semiurban,Y
Female,No,3.0,Graduate,No,7666,2990,134.0,360.0,0.0,Rural,N
Male,No,0.0,Graduate,No,4640,1831,116.0,360.0,1.0,Urban,Y
Female,No,0.0,Graduate,No,2410,1646,145.0,360.0,1.0,Rural,N
Male,Yes,0.0,Not Graduate,Yes,5079,3720,112.0,360.0,1.0,Rural,Y
Male,Yes,0.0,Graduate,No,3033,604,78.0,360.0,1.0,Semiurban,Y
Male,No,3.0,Graduate,No,4565,1313,98.0,360.0,1.0,Urban,Y
Female,Yes,0.0,Graduate,No,5509,1181,156.0,360.0,0.0,Semiurban,N
Male,Yes,2.0,Graduate,No,3561,1812,116.0,360.0,1.0,Rural,Y
Male,Yes,0.0,Graduate,Yes,7176,1872,392.0,300.0,1.0,Urban,N
Male,No,3.0,Graduate,No,4615,2908,66.0,360.0,1.0,Semiurban,Y
Female,Yes,0.0,Not Graduate,No,2987,1402,154.0,120.0,1.0,Urban,N
Male,Yes,2.0,Not Graduate,Yes,3589,3925,166.0,360.0,1.0,Urban,N
,No,0.0,Not Graduate,No,5884,1960,132.0,360.0,0.0,Rural,N
Male,Yes,1.0,Graduate,,4976,548,108.0,360.0,1.0,Urban,Y
Male,Yes,0.0,Graduate,Yes,6392,843,126.0,300.0,0.0,Rural,Y
Male,Yes,0.0,Graduate,No,5903,2192,127.0,360.0,1.0,Semiurban,Y
Male,Yes,3.0,Graduate,Yes,3428,1867,,360.0,1.0,Semiurban,Y
Male,Yes,3.0,Not Graduate,No,4157,1792,42.0,,1.0,Urban,Y
Male,Yes,2.0,Graduate,No,8147,4313,77.0,360.0,1.0,Rural,Y
Female,No,1.0,Graduate,No,3712,2704,145.0,360.0,1.0,Urban,Y
Male,Yes,2.0,Not Graduate,,10626,985,212.0,300.0,1.0,Semiurban,Y
Male,No,0.0,Not Graduate,No,2666,1208,80.0,360.0,1.0,Urban,N
Male,Yes,0.0,Graduate,No,8028,943,69.0,360.0,1.0,Semiurban,Y
Male,Yes,0.0,Graduate,Yes,5334,664,119.0,300.0,1.0,Semiurban,N
Male,Yes,1.0,Graduate,No,3439,4514,77.0,240.0,1.0,Semiurban,Y
Male,Yes,0.0,Graduate,No,5808,1855,119.0,300.0,1.0,Urban,Y
Male,No,0.0,Graduate,No,3771,470,78.0,360.0,0.0,Semiurban,N
Female,Yes,1.0,Graduate,No,4285,3677,177.0,360.0,1.0,Rural,Y
,Yes,2.0,Not Graduate,No,4667,747,80.0,360.0,1.0,Semiurban,Y
Male,No,0.0,Graduate,,7746,1624,47.0,360.0,1.0,Urban,Y
Male,No,0.0,Graduate,Yes,4129,1451,177.0,300.0,1.0,Urban,N
Male,No,0.0,Graduate,No,6217,336,128.0,360.0,,Urban,N
Male,Yes,0.0,Graduate,Yes,7879,189,102.0,300.0,0.0,Urban,Y
Male,No,0.0,Not Graduate,No,5736,2369,103.0,180.0,1.0,Urban,Y
Male,Yes,1.0,Graduate,Yes,6647,3123,135.0,360.0,1.0,Semiurban,Y
Female,Yes,1.0,Graduate,Yes,5495,1701,69.0,180.0,1.0,Urban,Y
Female,Yes,1.0,Graduate,No,7110,6457,57.0,,1.0,Semiurban,Y
Male,Yes,0.0,Not Graduate,No,2945,801,79.0,360.0,1.0,Rural,N
Male,Yes,2.0,Graduate,No,10199,250,108.0,360.0,1.0,Rural,Y
Male,Yes,0.0,Not Graduate,No,4005,1896,76.0,180.0,1.0,Rural,Y
Female,No,0.0,Graduate,,5359,589,265.0,360.0,1.0,Urban,N
Male,Yes,2.0,Graduate,Yes,2032,1307,79.0,360.0,1.0,Urban,N
Male,Yes,0.0,Graduate,No,4384,2743,130.0,360.0,1.0,Rural,Y
Female,Yes,0.0,Not Graduate,No,6334,885,161.0,360.0,1.0,Urban,Y
Male,No,2.0,Not Graduate,No,10818,1309,225.0,360.0,1.0,Urban,N
Female,Yes,0.0,Graduate,No,7253,3025,286.0,360.0,1.0,Semiurban,N
Male,Yes,1.0,Graduate,No,4545,1181,340.0,360.0,1.0,Urban,N
Male,No,0.0,Graduate,No,2554,1896,220.0,360.0,1.0,Rural,N
Male,No,1.0,Graduate,Yes,9673,2067,203.0,360.0,1.0,Rural,Y
Female,Yes,0.0,Graduate,No,4445,1189,71.0,360.0,1.0,Rural,Y
Female,No,0.0,Not Graduate,No,6326,1219,166.0,360.0,1.0,Rural,Y
Female,No,1.0,Not Graduate,No,4551,1348,111.0,180.0,0.0,Urban,N
Male,No,0.0,Graduate,No,6680,804,112.0,360.0,1.0,Semiurban,Y
Female,Yes,0.0,Graduate,Yes,9479,1829,102.0,300.0,1.0,Urban,Y
Male,No,0.0,Not Graduate,,7704,820,70.0,300.0,1.0,Semiurban,Y
Male,Yes,0.0,Not Graduate,No,4934,914,94.0,120.0,1.0,Urban,Y
Female,Yes,0.0,Graduate,No,9776,599,77.0,300.0,1.0,Semiurban,Y
Male,Yes,0.0,Graduate,Yes,11886,3189,42.0,360.0,1.0,Rural,Y
Male,Yes,3.0,Graduate,No,8580,407,242.0,360.0,1.0,Urban,N
Male,Yes,0.0,Graduate,No,4617,4383,129.0,120.0,1.0,Urban,Y
Male,No,0.0,Graduate,No,8036,1250,132.0,360.0,0.0,Urban,N
Male,Yes,0.0,Graduate,No,8541,989,123.0,300.0,0.0,Semiurban,N
Male,Yes,0.0,Graduate,No,4977,600,211.0,360.0,1.0,Urban,N
Male,Yes,3.0,Graduate,No,11885,655,138.0,360.0,1.0,Rural,Y
Female,Yes,0.0,Graduate,No,9287,816,246.0,360.0,1.0,Semiurban,N
Female,No,3.0,Graduate,No,5095,7584,174.0,120.0,1.0,Semiurban,Y
Male,Yes,0.0,Not Graduate,No,4615,815,85.0,360.0,1.0,Semiurban,Y
Male,Yes,2.0,Not Graduate,No,8454,1931,228.0,360.0,1.0,Urban,Y
,Yes,,Graduate,No,13327,1137,150.0,360.0,1.0,Urban,Y
Male,Yes,2.0,Graduate,No,3048,4622,121.0,240.0,0.0,Rural,N
Male,Yes,1.0,Not Graduate,No,6825,1603,199.0,360.0,1.0,Rural,Y
Male,No,1.0,Graduate,No,7970,477,130.0,120.0,1.0,Urban,N
Male,No,0.0,Graduate,No,9440,934,182.0,360.0,1.0,Urban,Y
Male,Yes,0.0,Graduate,Yes,8006,5776,64.0,180.0,1.0,Urban,Y
Male,No,3.0,Graduate,No,4472,2427,131.0,360.0,1.0,Urban,Y
Male,No,0.0,Graduate,No,2878,1319,88.0,180.0,1.0,Urban,Y
Female,No,0.0,Not Graduate,,4854,624,334.0,360.0,0.0,Semiurban,N
Female,Yes,2.0,Graduate,No,7885,686,238.0,360.0,1.0,Rural,Y
Male,Yes,0.0,Graduate,No,4250,542,142.0,360.0,1.0,Urban,Y
Female,Yes,3.0,Not Graduate,No,10102,313,227.0,360.0,1.0,Semiurban,N
Male,No,2.0,Graduate,Yes,5280,2320,89.0,300.0,1.0,Urban,Y
Female,No,1.0,Graduate,No,4125,2038,100.0,240.0,1.0,Semiurban,Y
Female,Yes,2.0,Graduate,No,7167,1513,,180.0,,Semiurban,N
Male,Yes,0.0,Graduate,No,5033,3482,177.0,360.0,1.0,Rural,Y
Male,No,0.0,Graduate,No,4556,2263,35.0,360.0,1.0,Urban,Y
Male,No,0.0,Graduate,No,12586,381,94.0,360.0,1.0,Urban,Y
Male,No,0.0,Graduate,No,4238,1363,63.0,120.0,1.0,Semiurban,Y
Male,No,2.0,Graduate,Yes,4773,2519,209.0,360.0,0.0,Urban,N
Male,Yes,3.0,Graduate,No,7215,1373,318.0,360.0,1.0,Urban,N
Male,Yes,0.0,Graduate,No,10033,1472,191.0,360.0,1.0,Urban,N
,No,0.0,Graduate,No,6908,305,175.0,360.0,1.0,Semiurban,Y
Female,Yes,3.0,Graduate,No,5872,837,143.0,300.0,1.0,Urban,Y
Male,Yes,0.0,Graduate,No,13256,1942,137.0,300.0,1.0,Rural,Y
Male,No,0.0,Not Graduate,No,4669,1212,81.0,240.0,1.0,Semiurban,Y
Male,Yes,0.0,Graduate,No,4680,352,51.0,360.0,1.0,Urban,N
Male,No,3.0,Graduate,Yes,4267,2492,135.0,360.0,1.0,Semiurban,Y
Female,Yes,1.0,Not Graduate,No,6716,1171,151.0,240.0,1.0,Urban,N
Male,No,2.0,Graduate,No,3681,1455,151.0,240.0,1.0,Semiurban,Y
Male,Yes,2.0,Graduate,No,3237,385,162.0,180.0,1.0,Semiurban,N
Male,Yes,0.0,Not Graduate,No,4767,267,184.0,360.0,1.0,Semiurban,N
Male,No,0.0,Not Graduate,No,2492,1516,132.0,240.0,1.0,Rural,N
,Yes,2.0,Graduate,No,6327,3195,76.0,300.0,1.0,Urban,Y
Female,No,0.0,Graduate,No,6724,2440,159.0,300.0,0.0,Rural,N
,No,2.0,Graduate,,7245,2202,178.0,360.0,0.0,Rural,N
Male,Yes,3.0,Not Graduate,No,8193,1615,109.0,360.0,1.0,Urban,Y
Male,Yes,1.0,Graduate,No,4830,454,178.0,360.0,1.0,Urban,Y
Female,Yes,2.0,Graduate,,9514,147,136.0,240.0,1.0,Urban,Y
Female,Yes,2.0,Not Graduate,No,9092,6297,70.0,360.0,1.0,Urban,Y
Male,No,2.0,Graduate,No,3437,1166,372.0,300.0,1.0,Semiurban,N
Male,No,0.0,Not Graduate,No,5503,857,106.0,360.0,1.0,Urban,Y
Female,No,0.0,Graduate,No,1616,1435,73.0,300.0,1.0,Rural,Y
Male,No,0.0,Graduate,Yes,9574,598,88.0,120.0,1.0,Urban,Y
Female,Yes,1.0,Graduate,No,8128,943,29.0,360.0,0.0,Urban,Y
Male,No,0.0,Not Graduate,No,10555,4313,111.0,240.0,1.0,Urban,Y
Male,No,2.0,Graduate,No,2656,1763,244.0,120.0,1.0,Urban,N
Male,No,0.0,Graduate,No,6996,2071,142.0,360.0,1.0,Rural,Y
Male,No,1.0,Graduate,No,4402,1249,83.0,360.0,1.0,Semiurban,Y
Male,Yes,0.0,Graduate,No,2012,2920,125.0,360.0,0.0,Urban,N
Female,No,2.0,Not Graduate,No,8666,2867,37.0,360.0,1.0,Rural,Y
Male,Yes,1.0,Graduate,No,3078,1142,126.0,360.0,1.0,Rural,Y
Male,Yes,0.0,Graduate,No,6593,1368,108.0,360.0,1.0,Rural,Y
Male,Yes,0.0,Not Graduate,No,4379,3253,202.0,360.0,1.0,Rural,N
Male,No,2.0,Graduate,Yes,6085,1431,152.0,360.0,1.0,Semiurban,Y
Male,No,0.0,Graduate,,8244,1038,75.0,240.0,1.0,Semiurban,Y
Male,No,0.0,Graduate,No,6093,1099,199.0,300.0,1.0,Urban,Y
Female,No,3.0,Not Graduate,No,3647,937,233.0,360.0,1.0,Urban,Y
Male,Yes,2.0,Graduate,No,12728,1417,155.0,360.0,1.0,Semiurban,Y
Male,No,3.0,Graduate,No,4862,962,114.0,360.0,,Rural,N
Male,Yes,0.0,Graduate,Yes,3990,1414,96.0,300.0,1.0,Semiurban,Y
Female,Yes,0.0,Graduate,,5425,759,271.0,240.0,1.0,Rural,N
Female,Yes,,Graduate,No,2687,1789,149.0,300.0,1.0,Urban,N
Female,No,1.0,Graduate,No,4160,1982,134.0,240.0,1.0,Semiurban,Y
Male,No,2.0,Graduate,Yes,4998,2231,66.0,360.0,1.0,Semiurban,Y
Male,Yes,0.0,Graduate,,6313,2008,79.0,360.0,1.0,Semiurban,Y
Male,Yes,0.0,Graduate,No,5766,2769,56.0,360.0,1.0,Semiurban,N
Male,No,0.0,Graduate,,7004,1502,113.0,360.0,1.0,Urban,Y
Male,Yes,0.0,Not Graduate,No,5525,1405,95.0,360.0,1.0,Urban,Y
Male,No,0.0,Not Graduate,No,9046,846,138.0,360.0,1.0,Rural,Y
Male,No,0.0,Graduate,No,7544,2381,,360.0,0.0,Urban,N
Male,Yes,3.0,Graduate,No,6761,892,,360.0,1.0,Semiurban,Y
Female,Yes,0.0,Graduate,No,9709,256,196.0,360.0,1.0,Semiurban,Y
,No,1.0,Not Graduate,No,9709,813,215.0,360.0,1.0,Urban,Y
Male,No,2.0,Not Graduate,No,5957,2508,83.0,360.0,0.0,Rural,N
Female,Yes,1.0,Not Graduate,Yes,4752,2169,103.0,360.0,,Semiurban,Y
Male,No,0.0,Graduate,No,6209,1655,96.0,360.0,0.0,Rural,N
Female,Yes,2.0,Graduate,No,5310,5485,183.0,360.0,0.0,Urban,N
Male,Yes,1.0,Graduate,No,4665,1795,65.0,360.0,1.0,Semiurban,Y
,No,2.0,Graduate,No,6099,702,250.0,300.0,,Rural,N
Female,No,2.0,Graduate,No,6668,649,101.0,300.0,1.0,Rural,Y
Female,Yes,3.0,Not Graduate,No,7383,2006,67.0,360.0,1.0,Rural,Y
Female,No,1.0,Graduate,No,10397,3588,104.0,180.0,1.0,Semiurban,Y
Male,Yes,0.0,Graduate,No,6368,1391,107.0,360.0,1.0,Urban,Y
Male,Yes,1.0,Graduate,No,5581,1835,115.0,300.0,1.0,Urban,N
Male,Yes,0.0,Not Graduate,No,8570,1904,118.0,300.0,1.0,Rural,Y
Male,No,2.0,Graduate,No,3820,5623,214.0,360.0,1.0,Rural,Y
Female,Yes,0.0,Graduate,No,2506,2661,150.0,360.0,1.0,Semiurban,Y
Male,Yes,0.0,Not Graduate,No,6952,3113,67.0,360.0,1.0,Urban,N
Female,Yes,2.0,Graduate,Yes,4853,678,106.0,300.0,1.0,Semiurban,Y
Male,No,1.0,Graduate,No,5022,889,,360.0,1.0,Urban,Y
Male,No,0.0,Graduate,No,3777,834,131.0,360.0,1.0,Semiurban,Y
Male,No,0.0,Graduate,No,9335,1160,122.0,300.0,,Urban,Y
Female,Yes,2.0,Not Graduate,No,2558,1474,288.0,180.0,1.0,Rural,N
Female,No,0.0,Not Graduate,No,7263,1743,196.0,360.0,0.0,Urban,N
Female,Yes,2.0,Graduate,No,5616,1317,170.0,,1.0,Semiurban,Y
Female,No,0.0,Graduate,No,10687,818,35.0,360.0,1.0,Urban,Y
Female,No,2.0,Graduate,No,8587,560,192.0,300.0,1.0,Semiurban,Y
Female,Yes,2.0,Graduate,No,3300,1874,44.0,360.0,1.0,Semiurban,Y
Male,No,0.0,Graduate,No,7547,2277,99.0,180.0,1.0,Rural,Y
Male,Yes,0.0,Graduate,No,6863,1200,106.0,360.0,0.0,Urban,N
Male,Yes,0.0,Graduate,No,5430,303,210.0,360.0,1.0,Urban,N
Female,Yes,2.0,Not Graduate,No,7287,2642,73.0,120.0,0.0,Rural,Y
Female,Yes,1.0,Graduate,Yes,4156,1160,116.0,360.0,0.0,Urban,N
Male,Yes,1.0,Graduate,Yes,5871,415,58.0,360.0,1.0,Urban,Y
Female,No,0.0,Graduate,No,5662,1378,164.0,360.0,1.0,Semiurban,Y
Female,Yes,0.0,Not Graduate,Yes,3870,2767,100.0,360.0,1.0,Semiurban,Y
Male,No,0.0,Graduate,Yes,4858,1005,139.0,180.0,1.0,Urban,Y
Male,Yes,0.0,Graduate,No,4484,97,22.0,360.0,1.0,Urban,Y
Female,Yes,1.0,Graduate,Yes,6666,1114,69.0,360.0,1.0,Rural,Y
Male,No,,Graduate,No,9578,784,141.0,360.0,1.0,Semiurban,Y
Female,Yes,1.0,Graduate,No,2952,1570,175.0,360.0,1.0,Urban,Y
Male,Yes,0.0,Not Graduate,No,6756,1402,251.0,300.0,1.0,Urban,N
Female,No,3.0,Not Graduate,No,4408,936,233.0,240.0,,Semiurban,N
Female,Yes,2.0,Not Graduate,No,8349,891,92.0,360.0,0.0,Urban,N
Female,Yes,3.0,Graduate,No,6720,3326,137.0,360.0,1.0,Rural,Y
Male,Yes,1.0,Graduate,No,2603,1998,,120.0,1.0,Semiurban,Y
Female,No,0.0,Graduate,No,6101,1953,149.0,300.0,1.0,Semiurban,Y
Female,No,0.0,Not Graduate,Yes,5299,2540,106.0,360.0,1.0,Rural,Y
Male,No,2.0,Graduate,No,3104,1153,140.0,120.0,0.0,Urban,N
Female,No,0.0,Graduate,No,4435,3924,242.0,120.0,1.0,Urban,Y
Male,Yes,,Graduate,No,5980,1756,125.0,300.0,1.0,Semiurban,Y
Male,Yes,1.0,Graduate,No,4495,1514,165.0,360.0,1.0,Semiurban,Y
,No,1.0,Graduate,No,8775,1740,145.0,360.0,1.0,Urban,Y
Male,Yes,1.0,Graduate,No,5278,1111,89.0,360.0,1.0,Urban,Y
,Yes,0.0,Graduate,No,4289,815,210.0,360.0,1.0,Urban,N
Female,Yes,0.0,Not Graduate,No,6129,2950,127.0,300.0,1.0,Urban,Y
Male,Yes,1.0,Graduate,Yes,6486,515,106.0,240.0,1.0,Semiurban,N
Female,No,3.0,Graduate,No,8383,556,144.0,360.0,1.0,Semiurban,N
Male,Yes,2.0,Graduate,No,5766,1280,222.0,,1.0,Semiurban,Y
Male,Yes,3.0,Graduate,No,6368,684,140.0,360.0,1.0,Urban,Y
Male,Yes,2.0,Not Graduate,Yes,4852,304,138.0,360.0,1.0,Urban,Y
Female,No,1.0,Graduate,No,10805,539,163.0,180.0,,Urban,N
Male,Yes,0.0,Graduate,No,6702,701,182.0,360.0,1.0,Urban,N
Male,Yes,1.0,Graduate,No,6041,1813,112.0,360.0,1.0,Urban,Y
Female,No,1.0,Not Graduate,No,4495,1206,119.0,360.0,1.0,Urban,Y
,No,1.0,Graduate,Yes,8862,2617,107.0,240.0,1.0,Semiurban,Y
Male,Yes,0.0,Graduate,No,2469,512,162.0,300.0,1.0,Rural,Y
Male,Yes,1.0,Graduate,No,6145,595,127.0,360.0,1.0,Urban,Y
Female,Yes,0.0,Graduate,No,4182,1619,130.0,360.0,1.0,Rural,Y
Male,Yes,1.0,Graduate,No,8014,787,132.0,240.0,1.0,Rural,Y
Female,Yes,0.0,Not Graduate,No,6514,1067,63.0,360.0,1.0,Rural,N
Male,Yes,,Graduate,No,6080,545,174.0,360.0,1.0,Rural,Y
Female,Yes,0.0,Not Graduate,Yes,3469,512,110.0,360.0,1.0,Semiurban,Y
Female,Yes,0.0,Graduate,No,5467,762,127.0,180.0,1.0,Semiurban,N
Female,No,0.0,Graduate,No,6630,2722,100.0,300.0,1.0,Urban,Y
Male,No,1.0,Graduate,No,8386,406,,180.0,1.0,Semiurban,N
Female,No,0.0,Not Graduate,No,7008,2938,139.0,300.0,1.0,Semiurban,N
Male,Yes,0.0,Graduate,No,8014,2549,157.0,360.0,1.0,Semiurban,Y
Male,Yes,1.0,Not Graduate,No,2841,934,369.0,180.0,1.0,Semiurban,N
Male,No,0.0,Not Graduate,No,6017,1398,96.0,360.0,1.0,Semiurban,Y
Female,Yes,3.0,Not Graduate,No,8531,1715,188.0,120.0,1.0,Semiurban,Y
Female,Yes,3.0,Graduate,No,1762,2196,,360.0,1.0,Urban,Y
Female,Yes,1.0,Graduate,No,5085,595,196.0,240.0,1.0,Semiurban,N
Male,No,0.0,Not Graduate,No,6659,2375,170.0,180.0,1.0,Rural,N
Male,No,2.0,Graduate,No,9036,1483,96.0,300.0,1.0,Rural,Y
Female,Yes,0.0,Graduate,No,5901,634,70.0,,1.0,Rural,Y
Male,Yes,0.0,Graduate,No,5604,1495,58.0,180.0,1.0,Urban,Y
Male,No,0.0,Graduate,No,6400,628,206.0,240.0,1.0,Rural,Y
Male,Yes,3.0,Graduate,Yes,6687,1361,80.0,120.0,1.0,Urban,Y
Male,No,0.0,Graduate,Yes,3758,968,53.0,360.0,1.0,Rural,Y
Male,No,1.0,Graduate,No,4491,1554,204.0,360.0,1.0,Urban,Y
Male,No,2.0,Graduate,No,2264,1621,131.0,360.0,1.0,Semiurban,Y
Male,Yes,0.0,Graduate,No,4182,3209,,360.0,0.0,Semiurban,N
Male,Yes,0.0,Graduate,No,3352,2109,182.0,180.0,1.0,Semiurban,Y
Female,Yes,3.0,Graduate,No,3742,1857,109.0,360.0,1.0,Semiurban,Y
Male,No,1.0,Graduate,No,13298,286,174.0,180.0,1.0,Semiurban,Y
Male,No,1.0,Graduate,,8802,2663,96.0,360.0,1.0,Semiurban,Y
Female,Yes,0.0,Graduate,No,3389,1001,240.0,360.0,1.0,Urban,N
,Yes,0.0,Graduate,No,2991,546,89.0,360.0,1.0,Semiurban,Y
Female,No,0.0,Graduate,No,4297,4916,175.0,180.0,1.0,Urban,Y
Female,No,0.0,Graduate,No,2942,786,219.0,120.0,1.0,Semiurban,Y
Male,No,0.0,Not Graduate,No,6325,3442,18.0,360.0,1.0,Urban,Y
Male,Yes,2.0,Graduate,No,6276,1731,166.0,360.0,1.0,Semiurban,Y
Female,Yes,0.0,Graduate,No,3715,2007,90.0,180.0,,Semiurban,N
Female,No,0.0,Graduate,No,7572,1370,181.0,180.0,1.0,Urban,N
Male,No,1.0,Graduate,Yes,7575,649,145.0,360.0,,Semiurban,N
Male,Yes,2.0,Graduate,No,4095,2281,164.0,360.0,1.0,Semiurban,Y
Male,Yes,0.0,Graduate,No,3657,1643,126.0,360.0,1.0,Rural,Y
Female,Yes,1.0,Graduate,No,4660,1626,226.0,300.0,1.0,Rural,N
Male,Yes,0.0,Graduate,No,7167,1462,60.0,360.0,0.0,Semiurban,Y
Female,Yes,0.0,Graduate,No,12790,1134,215.0,240.0,0.0,Semiurban,N
Male,No,0.0,Not Graduate,Yes,7091,2292,97.0,360.0,1.0,Urban,N
Male,Yes,2.0,Graduate,No,3253,1969,42.0,180.0,0.0,Urban,Y
Male,No,0.0,Graduate,No,6475,2469,133.0,180.0,1.0,Urban,Y
Male,Yes,0.0,Graduate,No,5907,1174,91.0,180.0,1.0,Rural,Y
Male,No,0.0,Graduate,No,5753,1102,161.0,,1.0,Urban,N
Male,No,2.0,Not Graduate,No,2982,901,168.0,360.0,1.0,Semiurban,N
Male,Yes,0.0,Graduate,Yes,6467,1493,120.0,360.0,1.0,Urban,N
Female,Yes,0.0,Graduate,No,5545,300,164.0,360.0,1.0,Urban,Y
Male,Yes,0.0,Not Graduate,No,3188,6488,,360.0,1.0,Urban,N
Male,Yes,0.0,Graduate,No,11316,827,132.0,360.0,1.0,Semiurban,Y
Female,No,1.0,Graduate,No,3031,3136,118.0,360.0,1.0,Semiurban,Y
Female,No,1.0,Not Graduate,No,6842,984,101.0,360.0,1.0,Semiurban,Y
Female,Yes,0.0,Graduate,No,5244,2088,289.0,180.0,1.0,Semiurban,N
Female,Yes,0.0,Graduate,Yes,4774,4149,129.0,360.0,,Rural,Y
Male,Yes,0.0,Graduate,No,9512,2008,153.0,120.0,1.0,Rural,Y
Male,No,0.0,Graduate,Yes,8325,3993,177.0,360.0,1.0,Rural,Y
Female,Yes,0.0,Graduate,No,5253,3013,113.0,300.0,1.0,Semiurban,Y
Female,Yes,2.0,Not Graduate,No,3814,611,158.0,360.0,1.0,Urban,Y
Male,No,3.0,Graduate,No,4527,2306,276.0,360.0,1.0,Rural,N
Female,No,3.0,Graduate,No,4928,1792,,240.0,1.0,Urban,N
Male,Yes,2.0,Not Graduate,No,8389,772,276.0,360.0,0.0,Urban,N
Male,No,1.0,Graduate,No,6614,2841,183.0,360.0,1.0,Semiurban,N
Male,Yes,2.0,Graduate,No,8511,498,97.0,300.0,1.0,Semiurban,Y
,Yes,0.0,Graduate,No,2930,2719,86.0,300.0,1.0,Urban,Y
Male,No,1.0,Not Graduate,No,8828,2327,275.0,300.0,1.0,Semiurban,N
Male,No,0.0,Not Graduate,No,10123,1516,207.0,360.0,1.0,Semiurban,Y
,Yes,0.0,Graduate,No,3937,861,122.0,360.0,1.0,Semiurban,Y
Male,Yes,2.0,Graduate,No,7926,2284,103.0,360.0,1.0,Semiurban,Y
Male,Yes,0.0,Graduate,No,9751,213,97.0,240.0,1.0,Semiurban,Y
Female,Yes,0.0,Not Graduate,No,4316,730,119.0,180.0,0.0,Urban,N
Female,Yes,3.0,Graduate,No,3332,1386,125.0,180.0,1.0,Urban,Y
Female,Yes,0.0,Graduate,No,6209,1517,142.0,240.0,1.0,Urban,Y
Female,Yes,0.0,Not Graduate,No,2221,746,79.0,360.0,1.0,Semiurban,Y
Female,No,3.0,Graduate,No,8776,761,95.0,360.0,1.0,Semiurban,Y
Male,No,,Graduate,No,3703,2053,116.0,300.0,1.0,Semiurban,Y
Male,No,1.0,Graduate,No,5013,627,326.0,360.0,1.0,Semiurban,Y
Male,Yes,0.0,Graduate,No,7580,1052,149.0,120.0,1.0,Semiurban,Y
Male,No,0.0,Graduate,No,7143,495,64.0,360.0,1.0,Urban,Y
Male,No,2.0,Not Graduate,No,7481,1444,81.0,240.0,1.0,Urban,Y
,No,1.0,Graduate,No,3928,1189,274.0,360.0,1.0,Rural,N
Male,No,1.0,Graduate,No,6448,192,227.0,180.0,1.0,Semiurban,N
Male,No,0.0,Graduate,No,8132,407,108.0,360.0,1.0,Semiurban,Y
Male,Yes,0.0,Graduate,No,4254,3269,166.0,240.0,1.0,Semiurban,Y
Female,Yes,3.0,Graduate,No,11688,799,157.0,300.0,1.0,Rural,Y
Male,No,0.0,Graduate,No,5114,1825,131.0,360.0,1.0,Semiurban,Y
Female,No,1.0,Not Graduate,No,2134,590,86.0,300.0,1.0,Urban,Y
Male,No,0.0,Graduate,No,5102,3592,50.0,360.0,1.0,Rural,Y
Male,Yes,1.0,Graduate,No,9693,280,197.0,360.0,1.0,Urban,Y
Male,Yes,,Graduate,No,3595,3053,159.0,360.0,1.0,Urban,N
Female,Yes,1.0,Not Graduate,No,3460,1513,87.0,360.0,1.0,Urban,Y
Male,No,0.0,Graduate,No,6678,2243,222.0,180.0,0.0,Semiurban,Y
Female,Yes,1.0,Not Graduate,No,3323,3301,269.0,360.0,1.0,Semiurban,N
Male,Yes,2.0,Graduate,No,3257,1683,147.0,360.0,1.0,Semiurban,Y
Male,Yes,0.0,Not Graduate,No,3802,4227,129.0,360.0,1.0,Rural,Y
Female,Yes,2.0,Graduate,No,10812,3265,58.0,300.0,1.0,Urban,Y
Female,No,1.0,Not Graduate,No,7002,2194,120.0,360.0,1.0,Semiurban,Y
Female,No,2.0,Graduate,No,5765,2923,75.0,240.0,0.0,Semiurban,N
Female,No,1.0,Graduate,No,3916,1405,123.0,300.0,0.0,Rural,N
Female,Yes,0.0,Graduate,No,8089,654,211.0,,1.0,Urban,N
Female,No,0.0,Not Graduate,No,7315,5899,177.0,300.0,,Rural,N
Female,Yes,0.0,Graduate,No,11158,1478,377.0,300.0,1.0,Urban,N
Female,No,3.0,Not Graduate,Yes,3574,1743,225.0,120.0,1.0,Rural,N
Female,Yes,2.0,Not Graduate,No,3363,427,115.0,360.0,1.0,Semiurban,Y
Male,Yes,1.0,Graduate,No,2164,3438,66.0,180.0,1.0,Rural,Y
Female,No,0.0,Not Graduate,Yes,7077,1709,112.0,360.0,1.0,Urban,Y
Male,No,0.0,Graduate,No,6256,2052,147.0,180.0,1.0,Urban,N
Female,Yes,2.0,Graduate,No,4691,2250,230.0,180.0,1.0,Urban,Y
Female,No,0.0,Graduate,No,2142,780,,360.0,0.0,Semiurban,N
Male,Yes,0.0,Graduate,No,10199,3376,53.0,360.0,,Semiurban,Y
Female,Yes,1.0,Graduate,No,6111,1844,145.0,360.0,0.0,Rural,N
Male,Yes,0.0,Graduate,No,9301,207,210.0,360.0,1.0,Semiurban,Y
Male,Yes,0.0,Graduate,No,9695,2931,238.0,300.0,,Urban,N
Female,Yes,0.0,Graduate,No,6985,1307,218.0,360.0,1.0,Urban,Y
Male,Yes,0.0,Graduate,No,7442,851,92.0,360.0,1.0,Urban,Y
Female,Yes,3.0,Graduate,No,4189,313,95.0,300.0,1.0,Rural,Y
Female,No,0.0,Not Graduate,No,5891,1052,289.0,360.0,0.0,Rural,N
Male,Yes,0.0,Graduate,No,8615,961,105.0,,1.0,Rural,Y
Male,No,0.0,Graduate,No,3808,3149,267.0,300.0,1.0,Semiurban,N
Male,Yes,2.0,Graduate,No,8346,901,82.0,360.0,1.0,Urban,Y
Male,No,0.0,Graduate,No,8109,382,123.0,360.0,0.0,Urban,N
Female,Yes,1.0,Not Graduate,No,8015,2067,41.0,360.0,1.0,Semiurban,Y
Male,Yes,0.0,Graduate,Yes,5708,3256,119.0,240.0,1.0,Rural,Y
Male,Yes,0.0,Graduate,Yes,3943,1108,86.0,360.0,0.0,Urban,N
Male,Yes,0.0,Graduate,No,11658,4780,177.0,240.0,1.0,Urban,Y
Male,Yes,2.0,Graduate,No,9920,2906,177.0,120.0,1.0,Semiurban,Y
Female,No,2.0,Not Graduate,No,5769,3451,161.0,300.0,1.0,Semiurban,Y
Male,No,0.0,Not Graduate,No,6260,2025,88.0,360.0,,Urban,N
Female,No,1.0,Graduate,No,4964,1868,226.0,360.0,0.0,Rural,N
Male,No,3.0,Graduate,Yes,2241,868,134.0,360.0,1.0,Urban,Y
Female,Yes,0.0,Graduate,No,5387,4094,184.0,360.0,1.0,Rural,Y
Male,Yes,2.0,Graduate,No,7011,3653,218.0,180.0,0.0,Urban,N
Male,Yes,0.0,Not Graduate,,4310,4152,141.0,180.0,1.0,Urban,Y
Female,Yes,3.0,Not Graduate,No,4847,1411,63.0,360.0,0.0,Urban,N
Male,Yes,2.0,Graduate,No,4827,1123,149.0,360.0,1.0,Urban,Y
Female,Yes,3.0,Not Graduate,No,5926,2442,119.0,,1.0,Semiurban,Y
Female,Yes,1.0,Graduate,No,5056,1000,,180.0,1.0,Semiurban,Y
Male,Yes,0.0,Graduate,Yes,3715,1423,253.0,240.0,0.0,Semiurban,N
Male,No,3.0,Graduate,No,5917,237,113.0,240.0,1.0,Semiurban,Y
Female,No,0.0,Graduate,No,6851,1749,172.0,300.0,0.0,Urban,N
Male,Yes,0.0,Graduate,No,6161,2189,55.0,120.0,1.0,Urban,Y
Male,No,2.0,Graduate,Yes,2148,3503,191.0,360.0,1.0,Rural,N
Male,No,2.0,Graduate,No,7418,2507,149.0,360.0,1.0,Rural,Y
,Yes,3.0,Graduate,No,3197,2806,107.0,360.0,1.0,Urban,Y
Male,Yes,0.0,Not Graduate,No,6800,4574,59.0,180.0,1.0,Semiurban,Y
Female,Yes,2.0,Graduate,Yes,6932,741,161.0,180.0,0.0,Semiurban,N
Female,No,2.0,Graduate,No,2635,632,113.0,360.0,1.0,Urban,Y
Female,No,0.0,Not Graduate,No,8223,1663,285.0,360.0,1.0,Semiurban,N
Female,Yes,0.0,Not Graduate,No,11604,566,93.0,360.0,0.0,Semiurban,Y
Male,Yes,0.0,Not Graduate,No,4913,1834,41.0,360.0,1.0,Urban,Y
Female,Yes,0.0,Graduate,No,6801,585,71.0,360.0,0.0,Urban,N
Male,Yes,3.0,Graduate,No,4533,698,218.0,180.0,1.0,Rural,N
Male,Yes,1.0,Graduate,No,3175,317,194.0,240.0,1.0,Urban,Y
Male,No,2.0,Graduate,No,8571,1730,252.0,360.0,1.0,Urban,Y
Male,No,3.0,Not Graduate,No,6876,449,120.0,360.0,1.0,Semiurban,Y
Female,No,0.0,Graduate,Yes,4064,2094,182.0,,1.0,Semiurban,Y
Female,No,2.0,Graduate,No,3243,2341,146.0,360.0,0.0,Urban,N
Male,No,0.0,Graduate,No,11889,814,97.0,360.0,1.0,Rural,Y
Male,Yes,2.0,Graduate,No,2848,2569,133.0,360.0,1.0,Semiurban,Y
Female,No,0.0,Not Graduate,No,7301,2373,109.0,180.0,0.0,Urban,N
Male,Yes,3.0,Graduate,No,6067,3012,245.0,300.0,1.0,Semiurban,N
Male,No,0.0,Graduate,No,7842,756,96.0,360.0,0.0,Semiurban,N
Male,Yes,0.0,Graduate,Yes,10482,730,262.0,360.0,1.0,Urban,Y
Female,No,2.0,Graduate,No,1339,2256,93.0,360.0,1.0,Semiurban,Y
Female,Yes,0.0,Graduate,Yes,3422,1646,110.0,360.0,1.0,Semiurban,Y
Male,Yes,1.0,Graduate,No,5310,1761,136.0,360.0,1.0,Semiurban,Y
Male,Yes,0.0,Graduate,No,10852,3582,91.0,360.0,1.0,Semiurban,Y
Female,Yes,2.0,Graduate,No,4625,2690,136.0,240.0,1.0,Semiurban,Y
Female,No,0.0,Not Graduate,No,4220,2375,145.0,360.0,1.0,Urban,Y
Male,No,0.0,Not Graduate,Yes,1726,2192,,360.0,1.0,Semiurban,N
Female,Yes,,Not Graduate,Yes,4029,2851,41.0,360.0,0.0,Semiurban,N
Male,Yes,0.0,Graduate,No,7189,1260,94.0,360.0,1.0,Rural,Y
Male,Yes,0.0,Graduate,No,5326,549,278.0,360.0,1.0,Semiurban,N
Female,Yes,0.0,Graduate,No,3981,898,108.0,360.0,1.0,Semiurban,Y
Male,Yes,0.0,Not Graduate,No,11955,807,108.0,120.0,1.0,Rural,Y
Male,No,0.0,Not Graduate,No,4902,76,91.0,180.0,1.0,Urban,Y
Male,Yes,1.0,Not Graduate,No,5926,2195,181.0,240.0,1.0,Urban,Y
Male,Yes,2.0,Graduate,No,3865,1134,57.0,180.0,,Urban,Y
Female,Yes,0.0,Not Graduate,No,3164,1277,157.0,,1.0,Urban,Y
Male,Yes,1.0,Graduate,No,7615,944,298.0,300.0,1.0,Semiurban,N
Female,Yes,1.0,Graduate,No,2380,1428,49.0,360.0,0.0,Urban,Y
Male,No,0.0,Graduate,Yes,6917,3936,182.0,360.0,1.0,Urban,Y
Male,Yes,2.0,Graduate,No,1092,311,69.0,360.0,1.0,Urban,Y
Male,Yes,0.0,Graduate,No,6483,4417,161.0,360.0,1.0,Semiurban,Y
Female,Yes,1.0,Graduate,No,3320,1717,155.0,300.0,1.0,Rural,Y
Male,Yes,0.0,Graduate,No,3662,995,188.0,,1.0,Rural,N
Female,Yes,1.0,Graduate,Yes,4920,1093,101.0,180.0,1.0,Urban,Y
Male,No,1.0,Not Graduate,Yes,3041,687,104.0,360.0,1.0,Semiurban,Y
Female,No,0.0,Graduate,No,2065,208,190.0,300.0,1.0,Urban,N
Male,Yes,0.0,Graduate,No,5149,589,101.0,360.0,1.0,Urban,Y
Female,Yes,3.0,Not Graduate,No,7787,1432,201.0,180.0,1.0,Rural,N
Female,Yes,0.0,Not Graduate,No,6207,1196,35.0,180.0,,Semiurban,N
Female,Yes,1.0,Graduate,No,9026,2003,150.0,360.0,1.0,Urban,N
Female,No,3.0,Graduate,No,2202,951,195.0,360.0,1.0,Semiurban,Y
Female,No,2.0,Graduate,No,4641,849,121.0,300.0,,Urban,N
Male,Yes,1.0,Graduate,No,5689,5418,243.0,360.0,1.0,Urban,Y
Male,Yes,2.0,Graduate,No,3663,703,103.0,300.0,1.0,Semiurban,Y
Male,Yes,2.0,Not Graduate,No,5802,741,147.0,300.0,1.0,Urban,N
Female,No,0.0,Graduate,No,8806,2819,211.0,360.0,1.0,Rural,N
Male,No,0.0,Not Graduate,No,7006,2369,,360.0,1.0,Semiurban,Y
Female,Yes,0.0,Not Graduate,Yes,9366,1052,219.0,360.0,1.0,Rural,Y
Male,Yes,3.0,Not Graduate,No,6366,2505,156.0,240.0,1.0,Rural,N
Male,No,1.0,Graduate,No,5339,1562,89.0,240.0,1.0,Semiurban,N
Male,Yes,0.0,Not Graduate,No,10534,959,130.0,360.0,1.0,Semiurban,Y
Female,Yes,2.0,Graduate,No,5907,2260,85.0,240.0,1.0,Urban,Y
Male,Yes,0.0,Graduate,No,11555,1451,175.0,360.0,1.0,Semiurban,Y
Male,No,0.0,Graduate,No,8305,224,116.0,300.0,1.0,Urban,Y
Male,Yes,1.0,Graduate,No,4055,2262,109.0,360.0,1.0,Urban,Y
Male,Yes,0.0,Graduate,No,5095,1297,177.0,300.0,1.0,Semiurban,Y
Male,No,2.0,Graduate,Yes,10492,3733,119.0,300.0,1.0,Semiurban,Y
Male,Yes,0.0,Graduate,No,9028,2584,134.0,360.0,1.0,Rural,Y
Female,Yes,2.0,Graduate,No,7735,1653,22.0,360.0,0.0,Urban,N
Male,Yes,1.0,Graduate,No,7362,1075,129.0,360.0,0.0,Semiurban,Y
Male,Yes,0.0,Graduate,No,2898,1421,40.0,360.0,1.0,Rural,Y
Male,No,3.0,Not Graduate,No,3235,673,62.0,360.0,1.0,Urban,N
Male,Yes,1.0,Graduate,Yes,6227,1653,94.0,360.0,1.0,Urban,Y
Male,Yes,0.0,Graduate,No,3699,3919,98.0,360.0,1.0,Urban,N
Male,Yes,0.0,Graduate,No,4938,4772,38.0,360.0,1.0,Rural,Y
Male,No,2.0,Graduate,Yes,4776,3189,133.0,360.0,1.0,Urban,Y
Male,No,0.0,Graduate,No,7197,1584,124.0,360.0,1.0,Urban,N
Female,Yes,0.0,Graduate,No,6336,382,141.0,360.0,0.0,Semiurban,N
Female,Yes,0.0,Not Graduate,No,8718,1357,112.0,360.0,1.0,Rural,Y
Female,No,0.0,Graduate,No,6390,2700,258.0,360.0,1.0,Rural,Y
Male,Yes,2.0,Graduate,No,6173,2498,167.0,300.0,0.0,Semiurban,N
Male,No,0.0,Graduate,No,5598,1261,274.0,240.0,1.0,Rural,Y
Male,No,,Not Graduate,No,9310,1185,73.0,360.0,1.0,Urban,Y
Male,No,0.0,Graduate,No,5626,1893,111.0,240.0,1.0,Urban,N
Female,Yes,0.0,Graduate,No,3997,1487,99.0,360.0,1.0,Rural,Y
Male,Yes,3.0,Not Graduate,Yes,7520,1352,55.0,360.0,1.0,Semiurban,Y
Male,No,0.0,Graduate,Yes,5314,1303,121.0,360.0,1.0,Urban,Y
Male,Yes,3.0,Graduate,No,8260,3487,36.0,360.0,1.0,Semiurban,Y
Female,Yes,0.0,Graduate,No,1076,596,174.0,240.0,1.0,Rural,Y
Male,No,0.0,Graduate,No,9751,1132,,360.0,1.0,Rural,Y
Male,No,2.0,Graduate,Yes,5100,1183,117.0,360.0,1.0,Rural,Y
Male,Yes,0.0,Graduate,No,9596,1616,140.0,120.0,0.0,Semiurban,Y
Male,Yes,2.0,Graduate,No,8355,1453,229.0,360.0,1.0,Rural,Y
Male,Yes,3.0,Graduate,No,4329,1382,,360.0,1.0,Semiurban,Y
Male,No,,Graduate,No,3733,630,54.0,180.0,1.0,Semiurban,N
Male,No,0.0,Not Graduate,No,3587,1451,36.0,360.0,1.0,Rural,Y
Male,Yes,2.0,Not Graduate,No,3197,2221,85.0,360.0,1.0,Semiurban,N
Male,Yes,0.0,Graduate,No,9182,1656,93.0,120.0,1.0,Urban,N
Male,No,0.0,Graduate,No,5134,586,180.0,360.0,0.0,Urban,N
Male,Yes,0.0,Graduate,No,11205,1542,64.0,360.0,0.0,Semiurban,Y
Female,Yes,0.0,Graduate,No,4086,1471,53.0,300.0,0.0,Urban,N
Female,No,2.0,Graduate,No,4448,1098,195.0,360.0,1.0,Urban,Y
Male,Yes,0.0,Not Graduate,No,7045,1669,96.0,180.0,0.0,Urban,Y
Male,No,0.0,Graduate,No,10944,870,141.0,360.0,1.0,Urban,Y
Male,Yes,1.0,Graduate,No,4357,2288,185.0,120.0,0.0,Semiurban,N
Male,Yes,0.0,Graduate,No,7937,4584,391.0,300.0,0.0,Urban,N
Female,No,0.0,Graduate,Yes,5615,2425,157.0,360.0,0.0,Urban,N
Male,Yes,2.0,Graduate,No,7083,759,91.0,300.0,1.0,Semiurban,Y
Female,No,0.0,Graduate,No,3834,2203,194.0,300.0,1.0,Rural,N
Male,Yes,2.0,Graduate,No,7572,2589,78.0,360.0,1.0,Urban,Y
Male,Yes,2.0,Not Graduate,No,4947,1872,228.0,360.0,1.0,Urban,Y
Female,Yes,0.0,Graduate,No,4544,2010,88.0,360.0,1.0,Rural,Y
Female,Yes,1.0,Not Graduate,Yes,5515,1354,71.0,360.0,1.0,Urban,Y
Female,Yes,0.0,Not Graduate,No,7276,506,132.0,,1.0,Rural,Y
Female,Yes,0.0,Graduate,No,5204,1285,155.0,360.0,1.0,Urban,N
,Yes,2.0,Not Graduate,No,4565,666,72.0,360.0,1.0,Urban,Y
Female,Yes,2.0,Graduate,No,5282,1202,95.0,300.0,0.0,Urban,Y
Male,No,0.0,Not Graduate,No,5224,935,164.0,180.0,1.0,Urban,Y
Female,No,1.0,Graduate,No,7014,628,143.0,360.0,1.0,Rural,Y
Male,No,3.0,Graduate,No,4701,3397,159.0,360.0,1.0,Rural,N
Female,Yes,,Graduate,No,4647,1431,230.0,360.0,1.0,Rural,Y
Male,Yes,1.0,Graduate,No,3850,961,150.0,360.0,1.0,Rural,N
Male,No,0.0,Not Graduate,Yes,7214,328,261.0,180.0,1.0,Rural,Y
Male,Yes,0.0,Graduate,No,5963,2499,199.0,180.0,,Semiurban,N
Female,Yes,3.0,Graduate,No,9284,1696,96.0,360.0,1.0,Rural,Y
Male,No,0.0,Graduate,No,8759,5010,235.0,360.0,1.0,Urban,Y
Male,No,1.0,Not Graduate,,6226,814,147.0,300.0,1.0,Urban,N
Male,Yes,0.0,Graduate,No,5360,3217,218.0,360.0,1.0,Semiurban,Y
Male,Yes,0.0,Graduate,,5623,1285,161.0,180.0,1.0,Rural,Y
Female,No,0.0,Graduate,No,4212,696,293.0,360.0,1.0,Semiurban,N
Male,Yes,3.0,Graduate,No,3869,1050,71.0,360.0,1.0,Rural,Y
Female,No,0.0,Graduate,No,3615,1559,116.0,360.0,1.0,Semiurban,Y
Male,No,1.0,Graduate,No,5160,962,175.0,120.0,1.0,Semiurban,Y
,No,,Graduate,No,1444,523,140.0,240.0,1.0,Rural,Y
Female,Yes,0.0,Graduate,No,10753,676,78.0,240.0,0.0,Urban,Y
Female,Yes,0.0,Graduate,No,12142,2070,278.0,360.0,1.0,Rural,N
Male,No,1.0,Graduate,No,3429,603,125.0,240.0,0.0,Semiurban,Y
Male,No,0.0,Graduate,No,12056,862,207.0,120.0,1.0,Semiurban,Y
Female,No,0.0,Not Graduate,No,3452,623,169.0,,1.0,Rural,Y
,Yes,0.0,Not Graduate,No,5638,1727,190.0,360.0,1.0,Semiurban,N
Female,Yes,0.0,Graduate,No,6661,6625,68.0,360.0,1.0,Semiurban,Y
Female,No,3.0,Graduate,No,5860,2011,127.0,360.0,1.0,Semiurban,N
Female,No,3.0,Graduate,No,4351,782,192.0,360.0,1.0,Urban,Y
,No,0.0,Graduate,No,4255,1725,207.0,360.0,1.0,Semiurban,N
Female,No,1.0,Graduate,No,7976,823,198.0,,1.0,Urban,Y
,Yes,3.0,Graduate,No,9405,1612,,300.0,0.0,Rural,N
Male,No,0.0,Graduate,No,2292,3667,50.0,360.0,0.0,Urban,N
Male,No,2.0,Not Graduate,No,6279,1374,63.0,360.0,1.0,Semiurban,N
Male,Yes,3.0,Graduate,No,7300,1812,131.0,360.0,1.0,Rural,Y
Female,No,0.0,Graduate,No,6085,1418,137.0,360.0,1.0,Rural,Y
Female,Yes,0.0,Graduate,No,2837,2649,130.0,360.0,1.0,Semiurban,N
Female,Yes,3.0,Graduate,Yes,7047,2247,69.0,180.0,1.0,Semiurban,N
Male,No,1.0,Graduate,No,8840,1087,,360.0,1.0,Urban,Y
Male,Yes,0.0,Graduate,No,3822,2248,277.0,360.0,0.0,Urban,N
,Yes,0.0,Graduate,No,4329,1622,156.0,360.0,1.0,Urban,Y
Female,Yes,0.0,Graduate,No,6134,1020,126.0,240.0,1.0,Rural,Y
Male,Yes,1.0,Not Graduate,No,5428,1033,274.0,360.0,1.0,Urban,N
Female,Yes,,Graduate,Yes,4340,1587,305.0,120.0,1.0,Semiurban,N
Male,Yes,3.0,Graduate,,3156,1793,103.0,300.0,1.0,Urban,Y
Male,No,0.0,Graduate,No,4510,1261,157.0,300.0,1.0,Semiurban,Y
Female,Yes,1.0,Graduate,No,1848,1824,56.0,120.0,1.0,Semiurban,Y
Male,Yes,,Graduate,Yes,7357,765,47.0,360.0,0.0,Rural,Y
Female,Yes,0.0,Not Graduate,No,4029,580,116.0,360.0,1.0,Urban,Y
Female,No,0.0,Not Graduate,No,7878,377,67.0,360.0,1.0,Urban,Y
Male,Yes,3.0,Not Graduate,No,5060,2047,98.0,360.0,0.0,Urban,N
Male,No,,Graduate,No,5973,344,149.0,360.0,1.0,Urban,Y
Male,No,0.0,Not Graduate,No,2504,1811,247.0,360.0,1.0,Semiurban,N
Female,No,,Graduate,No,7599,973,159.0,360.0,1.0,Urban,Y
Male,Yes,0.0,Graduate,No,15267,1114,103.0,360.0,0.0,Urban,Y
Male,No,1.0,Graduate,No,4714,1127,313.0,,1.0,Rural,N
,Yes,1.0,Not Graduate,No,5923,5886,136.0,360.0,1.0,Semiurban,Y
Female,No,1.0,Graduate,No,6260,883,,360.0,1.0,Urban,Y
Male,No,3.0,Graduate,No,2957,659,217.0,300.0,1.0,Urban,N
Female,Yes,1.0,Graduate,No,3358,4420,126.0,,1.0,Urban,Y
Female,Yes,0.0,Graduate,No,7114,417,28.0,360.0,1.0,Semiurban,Y
Male,Yes,2.0,Graduate,No,3823,514,48.0,360.0,0.0,Semiurban,Y
Male,No,0.0,Not Graduate,No,5039,2531,91.0,300.0,1.0,Semiurban,Y
Female,Yes,0.0,Graduate,No,5980,1855,94.0,360.0,0.0,Urban,N
Male,Yes,0.0,Graduate,No,7227,1030,128.0,360.0,1.0,Semiurban,Y
,Yes,0.0,Graduate,Yes,5166,594,114.0,360.0,1.0,Semiurban,Y
Male,No,2.0,Graduate,No,5228,196,117.0,240.0,0.0,Semiurban,N
Male,No,0.0,Graduate,Yes,14163,3798,132.0,240.0,1.0,Rural,Y
Female,No,2.0,Graduate,No,8440,2252,145.0,360.0,1.0,Urban,Y
Male,No,1.0,Graduate,No,4775,3530,49.0,360.0,1.0,Urban,Y
Male,Yes,0.0,Graduate,No,5256,2852,143.0,120.0,1.0,Rural,Y
Male,Yes,,Graduate,No,11731,1921,182.0,300.0,1.0,Urban,Y
Male,No,0.0,Graduate,No,7239,863,316.0,360.0,1.0,Urban,N
Male,Yes,0.0,Graduate,Yes,8926,596,141.0,360.0,1.0,Semiurban,Y
Male,Yes,1.0,Graduate,No,4719,3040,202.0,360.0,1.0,Semiurban,Y
Female,Yes,0.0,Not Graduate,No,4467,975,174.0,360.0,1.0,Rural,Y
Male,Yes,0.0,Graduate,No,10452,626,86.0,360.0,1.0,Urban,Y
Female,Yes,1.0,Graduate,No,5437,814,145.0,240.0,1.0,Urban,Y
Male,No,,Graduate,No,5398,3165,262.0,360.0,1.0,Urban,N
Female,Yes,0.0,Graduate,No,4576,682,255.0,120.0,1.0,Semiurban,N
Male,Yes,3.0,Not Graduate,No,8769,1034,255.0,360.0,0.0,Urban,N
Female,Yes,1.0,Graduate,No,9159,1286,435.0,300.0,1.0,Semiurban,N
Male,No,2.0,Graduate,No,6117,1651,181.0,360.0,1.0,Urban,N
Male,Yes,0.0,Graduate,No,3257,637,105.0,360.0,1.0,Urban,Y
Male,No,1.0,Graduate,No,4340,1254,183.0,300.0,1.0,Semiurban,Y
Male,No,2.0,Not Graduate,No,9588,2564,79.0,120.0,1.0,Rural,Y
Male,Yes,1.0,Graduate,No,6182,5015,168.0,300.0,1.0,Rural,Y
Male,No,2.0,Graduate,No,8808,541,76.0,360.0,1.0,Rural,Y
Female,No,0.0,Graduate,Yes,6695,620,91.0,180.0,1.0,Semiurban,Y
Male,No,0.0,Graduate,Yes,3472,702,46.0,180.0,1.0,Urban,Y
Male,No,0.0,Not Graduate,No,7019,2151,162.0,360.0,,Urban,N
Male,Yes,0.0,Graduate,No,5496,576,249.0,360.0,1.0,Semiurban,N
Female,Yes,2.0,Graduate,Yes,4396,1221,141.0,300.0,1.0,Urban,Y
Male,Yes,0.0,Graduate,No,4574,1127,132.0,360.0,0.0,Urban,N
Male,Yes,3.0,Graduate,No,8708,5301,95.0,360.0,1.0,Urban,Y
Male,No,3.0,Graduate,No,6276,877,212.0,360.0,,Semiurban,N
Female,Yes,0.0,Graduate,No,6078,835,229.0,300.0,1.0,Urban,N
Female,No,,Graduate,No,10922,2150,57.0,360.0,1.0,Urban,Y
Male,No,2.0,Graduate,No,4058,1722,148.0,360.0,1.0,Semiurban,Y
Female,No,3.0,Graduate,No,5377,790,208.0,360.0,1.0,Urban,Y
Female,No,0.0,Not Graduate,No,4220,3312,104.0,,1.0,Semiurban,Y
Male,Yes,0.0,Graduate,No,6958,405,52.0,360.0,1.0,Semiurban,Y
Female,Yes,1.0,Graduate,No,6127,1317,74.0,360.0,1.0,Urban,Y
Male,Yes,1.0,Graduate,No,4763,1072,269.0,360.0,0.0,Rural,N
Male,Yes,0.0,Graduate,No,5035,1233,225.0,360.0,1.0,Urban,Y
Male,Yes,2.0,Graduate,No,8324,784,240.0,300.0,1.0,Semiurban,Y
Male,Yes,0.0,Not Graduate,Yes,9272,1254,63.0,180.0,1.0,Semiurban,Y
Male,No,0.0,Graduate,No,4331,1585,207.0,360.0,1.0,Rural,Y
Female,Yes,0.0,Graduate,,15570,115,277.0,360.0,1.0,Semiurban,Y
Male,Yes,0.0,Graduate,No,2916,943,91.0,360.0,1.0,Urban,Y
Male,No,0.0,Graduate,No,3406,707,120.0,360.0,0.0,Semiurban,N
Male,Yes,0.0,Graduate,No,4933,4232,151.0,360.0,1.0,Urban,Y
Female,Yes,0.0,Graduate,No,3956,1876,164.0,180.0,1.0,Semiurban,Y
Male,No,0.0,Graduate,No,3733,674,107.0,300.0,1.0,Urban,Y
Male,No,0.0,Graduate,No,9171,904,219.0,360.0,1.0,Semiurban,Y
Male,No,3.0,Graduate,No,7071,1104,177.0,360.0,0.0,Urban,N
,Yes,0.0,Graduate,No,5843,888,82.0,240.0,1.0,Semiurban,Y
Female,No,0.0,Graduate,No,4407,1977,212.0,360.0,0.0,Semiurban,N
Female,No,1.0,Graduate,No,3474,3766,124.0,180.0,1.0,Urban,Y
Male,Yes,3.0,Graduate,No,3398,38,181.0,240.0,1.0,Rural,N
Female,No,0.0,Graduate,No,9151,1052,86.0,300.0,0.0,Semiurban,Y
Male,No,1.0,Graduate,No,8985,4998,88.0,360.0,1.0,Urban,Y
Female,Yes,2.0,Graduate,No,4986,1085,50.0,240.0,1.0,Urban,Y
Male,Yes,1.0,Graduate,No,2798,1652,233.0,240.0,1.0,Semiurban,N
Male,No,0.0,Graduate,No,7341,155,201.0,360.0,1.0,Urban,Y
Male,No,1.0,Graduate,,4994,3287,151.0,360.0,1.0,Rural,Y
Female,Yes,0.0,Graduate,No,8483,532,62.0,300.0,1.0,Urban,Y
Male,No,1.0,Graduate,No,3372,1844,252.0,360.0,1.0,Urban,N
Male,Yes,2.0,Not Graduate,,5823,624,180.0,300.0,1.0,Rural,Y
Male,Yes,0.0,Graduate,No,3226,74,107.0,,0.0,Rural,N
Female,Yes,2.0,Graduate,No,4006,1724,159.0,360.0,1.0,Urban,Y
Male,No,0.0,Graduate,Yes,3962,2288,122.0,,1.0,Semiurban,Y
Female,No,2.0,Graduate,No,4951,1287,180.0,120.0,1.0,Urban,Y
Female,Yes,0.0,Graduate,No,9495,474,77.0,360.0,1.0,Semiurban,Y
Male,Yes,0.0,Graduate,Yes,5958,5646,37.0,360.0,1.0,Rural,Y
Female,Yes,0.0,Graduate,No,7867,2227,171.0,300.0,1.0,Urban,N
Male,No,3.0,Graduate,No,5795,1537,185.0,300.0,1.0,Urban,Y
Female,No,0.0,Graduate,No,4644,2938,50.0,360.0,1.0,Urban,Y
Male,No,0.0,Graduate,Yes,2000,888,28.0,360.0,1.0,Urban,Y
Female,No,0.0,Graduate,No,3457,4508,152.0,120.0,1.0,Urban,Y
Female,No,1.0,Graduate,No,5600,2256,174.0,360.0,1.0,Rural,N
Female,Yes,1.0,Graduate,No,6040,2751,120.0,240.0,1.0,Urban,N
Female,Yes,0.0,Graduate,No,8496,1035,80.0,180.0,1.0,Semiurban,Y
Male,Yes,0.0,Graduate,No,2451,520,317.0,360.0,1.0,Rural,Y
Male,No,0.0,Graduate,No,13077,1554,166.0,300.0,1.0,Semiurban,N
Female,No,0.0,Graduate,Yes,1987,919,231.0,360.0,1.0,Semiurban,N
Male,Yes,0.0,Graduate,No,5440,4857,70.0,300.0,0.0,Urban,Y
Male,No,2.0,Not Graduate,No,4263,393,249.0,360.0,1.0,Semiurban,N
Female,Yes,0.0,Not Graduate,No,3487,3478,163.0,360.0,1.0,Urban,N
Female,Yes,0.0,Graduate,No,10618,273,301.0,360.0,1.0,Rural,N
Female,No,0.0,Graduate,No,4343,622,181.0,300.0,1.0,Urban,Y
Male,No,3.0,Graduate,No,2358,267,,360.0,1.0,Semiurban,N
Female,No,3.0,Graduate,No,3006,889,128.0,300.0,0.0,Semiurban,N
Male,Yes,2.0,Graduate,,8953,1150,93.0,360.0,1.0,Semiurban,Y
Female,Yes,0.0,Graduate,Yes,3078,798,128.0,360.0,1.0,Urban,Y
Male,No,0.0,Not Graduate,No,2708,1842,183.0,,1.0,Urban,Y
Female,Yes,0.0,Graduate,No,6090,1157,199.0,360.0,,Rural,N
Female,Yes,0.0,Graduate,No,4935,161,85.0,300.0,1.0,Urban,Y
Male,No,,Graduate,No,6844,592,58.0,120.0,1.0,Urban,Y
Female,Yes,2.0,Not Graduate,No,4654,1027,156.0,240.0,0.0,Semiurban,Y
Male,No,2.0,Graduate,No,7657,2853,48.0,360.0,1.0,Rural,Y
Female,No,2.0,Graduate,No,2864,1480,130.0,360.0,1.0,Urban,Y
Female,Yes,,Graduate,No,2600,927,62.0,300.0,0.0,Semiurban,N
Male,Yes,1.0,Not Graduate,No,6340,347,195.0,360.0,1.0,Semiurban,Y
Female,No,0.0,Graduate,,4938,1529,107.0,120.0,1.0,Urban,Y
Female,No,0.0,Not Graduate,No,4538,3315,,240.0,1.0,Semiurban,Y
Male,No,2.0,Graduate,No,7339,1063,55.0,360.0,0.0,Rural,N
Male,No,0.0,Graduate,No,13928,645,220.0,360.0,1.0,Rural,N
,No,0.0,Graduate,No,2632,2046,148.0,,1.0,Urban,Y
Female,No,0.0,Graduate,No,9650,2931,151.0,300.0,1.0,Semiurban,Y
Female,Yes,1.0,Graduate,No,7479,1181,64.0,360.0,1.0,Semiurban,Y
Female,Yes,2.0,Not Graduate,No,4446,2217,45.0,240.0,1.0,Urban,Y
Male,Yes,0.0,Graduate,Yes,10974,967,85.0,300.0,,Semiurban,Y
Female,Yes,2.0,Graduate,Yes,3015,2291,105.0,360.0,1.0,Urban,Y
Male,Yes,0.0,Graduate,No,6737,3428,84.0,360.0,1.0,Urban,Y
Male,Yes,,Graduate,No,5130,2531,302.0,360.0,1.0,Urban,N
Male,No,2.0,Graduate,No,4447,1987,223.0,360.0,0.0,Urban,N
Male,Yes,1.0,Graduate,No,3225,4199,132.0,240.0,1.0,Semiurban,Y
Male,Yes,3.0,Graduate,No,16453,1106,89.0,360.0,0.0,Urban,Y
Male,Yes,0.0,Graduate,Yes,4429,1986,71.0,240.0,0.0,Semiurban,N
Female,Yes,1.0,Not Graduate,No,1594,1135,129.0,360.0,0.0,Urban,N
Male,Yes,1.0,Graduate,Yes,8026,1987,153.0,360.0,0.0,Semiurban,N
Male,Yes,3.0,Not Graduate,No,6475,2232,103.0,360.0,0.0,Rural,N
Male,Yes,0.0,Graduate,No,4906,2645,164.0,360.0,1.0,Urban,Y
Male,No,2.0,Graduate,Yes,4692,1402,98.0,360.0,1.0,Semiurban,Y
Male,No,1.0,Graduate,,5392,220,71.0,180.0,1.0,Semiurban,Y
Male,No,0.0,Graduate,No,8056,1153,165.0,360.0,1.0,Semiurban,N
Male,No,0.0,Not Graduate,No,6517,2178,44.0,360.0,1.0,Urban,Y
Female,Yes,0.0,Graduate,No,6999,1715,57.0,360.0,1.0,Semiurban,Y
Male,No,1.0,Graduate,No,6997,1902,78.0,240.0,1.0,Urban,Y
Male,No,2.0,Not Graduate,No,8219,2331,94.0,,0.0,Urban,N
Male,Yes,1.0,Graduate,,9281,519,183.0,300.0,1.0,Semiurban,Y
Female,No,1.0,Graduate,,4046,2414,56.0,180.0,1.0,Urban,Y
Male,Yes,1.0,Graduate,,6087,4337,114.0,360.0,1.0,Semiurban,Y
Male,No,0.0,Not Graduate,No,2038,1027,154.0,180.0,1.0,Semiurban,Y
Male,No,0.0,Graduate,No,9086,2683,148.0,240.0,1.0,Rural,Y
Male,Yes,0.0,Graduate,No,4032,1467,183.0,360.0,0.0,Urban,N
Male,No,0.0,Graduate,No,10005,1865,116.0,360.0,1.0,Rural,Y
Male,No,0.0,Not Graduate,No,4015,2508,93.0,360.0,1.0,Semiurban,N
Male,No,1.0,Graduate,Yes,6625,1708,240.0,360.0,1.0,Urban,Y
Male,Yes,0.0,Graduate,No,4946,978,91.0,120.0,1.0,Urban,Y
Male,No,0.0,Graduate,No,4577,1765,84.0,180.0,1.0,Semiurban,Y
Female,Yes,0.0,Not Graduate,No,6843,642,81.0,180.0,1.0,Rural,Y
Female,Yes,0.0,Not Graduate,No,9315,354,79.0,360.0,0.0,Semiurban,N
Female,Yes,3.0,Not Graduate,No,4891,3576,268.0,120.0,1.0,Semiurban,N
Female,No,2.0,Graduate,Yes,9690,1934,290.0,360.0,1.0,Urban,Y
Male,No,2.0,Graduate,No,3945,2249,194.0,240.0,0.0,Urban,N
Male,No,,Graduate,No,9376,1638,168.0,360.0,0.0,Urban,N
Male,No,2.0,Not Graduate,No,5878,275,84.0,360.0,1.0,Semiurban,Y
Male,Yes,2.0,Graduate,No,6444,3411,102.0,360.0,1.0,Urban,Y
Female,Yes,2.0,Graduate,No,3177,979,51.0,360.0,1.0,Urban,Y
Male,Yes,0.0,Not Graduate,No,4489,1142,115.0,360.0,1.0,Urban,Y
Female,Yes,1.0,Graduate,No,5527,3137,61.0,360.0,1.0,Rural,Y
Male,Yes,2.0,Graduate,No,8854,634,142.0,360.0,1.0,Semiurban,Y
Female,Yes,1.0,Graduate,No,5077,1065,,,1.0,Urban,Y
Male,Yes,1.0,Graduate,No,3796,1006,148.0,360.0,1.0,Rural,Y
Male,Yes,0.0,Graduate,,6207,616,80.0,300.0,1.0,Urban,Y
Male,Yes,1.0,Graduate,Yes,12388,1486,46.0,360.0,0.0,Urban,N
Male,Yes,0.0,Graduate,No,6514,694,73.0,300.0,1.0,Urban,Y
Male,No,1.0,Graduate,No,5050,3511,155.0,300.0,1.0,Urban,Y
Male,No,0.0,Graduate,Yes,6231,327,160.0,360.0,1.0,Urban,Y
Female,No,0.0,Graduate,No,3671,458,152.0,240.0,1.0,Semiurban,Y
Male,Yes,0.0,Graduate,,10280,1064,141.0,240.0,1.0,Semiurban,Y
Male,Yes,1.0,Graduate,Yes,10200,1361,132.0,300.0,1.0,Semiurban,Y
Male,No,0.0,Graduate,No,3601,789,178.0,360.0,1.0,Semiurban,Y
Female,Yes,1.0,Graduate,No,10086,2356,29.0,360.0,1.0,Rural,Y
Male,Yes,2.0,Graduate,No,6260,1185,262.0,360.0,1.0,Urban,Y
Male,Yes,0.0,Not Graduate,No,7546,2014,113.0,360.0,1.0,Semiurban,Y
Male,Yes,0.0,Graduate,No,5580,3341,178.0,360.0,1.0,Semiurban,Y
Male,Yes,0.0,Not Graduate,No,5772,4109,126.0,180.0,1.0,Rural,N
Female,Yes,2.0,Graduate,No,4182,1084,87.0,180.0,1.0,Urban,N
Male,No,1.0,Graduate,Yes,3628,1477,109.0,360.0,1.0,Urban,Y
Male,Yes,0.0,Graduate,No,3537,1702,,300.0,1.0,Semiurban,Y
Female,Yes,,Graduate,No,8972,1113,77.0,240.0,1.0,Semiurban,Y
Male,No,1.0,Graduate,No,6073,581,164.0,360.0,1.0,Urban,Y
Male,Yes,2.0,Graduate,No,3707,2798,143.0,360.0,1.0,Semiurban,N
Male,Yes,2.0,Not Graduate,No,5850,582,43.0,300.0,1.0,Urban,Y
Female,No,1.0,Graduate,No,2425,2989,79.0,360.0,1.0,Rural,N
Male,Yes,0.0,Graduate,Yes,3672,1909,113.0,360.0,0.0,Urban,Y
Female,Yes,,Not Graduate,Yes,9363,1655,,360.0,1.0,Urban,Y
Male,Yes,0.0,Graduate,Yes,4389,744,312.0,360.0,1.0,Urban,N
Male,Yes,0.0,Not Graduate,No,8851,196,141.0,300.0,0.0,Semiurban,Y
Male,Yes,0.0,Graduate,No,5373,2750,39.0,360.0,1.0,Urban,Y
Female,No,0.0,Not Graduate,Yes,7569,736,130.0,360.0,1.0,Semiurban,Y
Male,Yes,0.0,Graduate,No,3246,1994,62.0,360.0,1.0,Rural,Y
Female,Yes,3.0,Graduate,No,7062,2071,116.0,360.0,1.0,Urban,Y
Female,Yes,1.0,Graduate,No,1748,1378,326.0,360.0,1.0,Semiurban,N
Male,Yes,2.0,Graduate,No,4576,1670,98.0,360.0,1.0,Urban,Y
Male,No,2.0,Graduate,No,9587,1889,199.0,180.0,1.0,Urban,N
Male,Yes,0.0,Graduate,Yes,5684,1570,129.0,360.0,1.0,Urban,N
Male,Yes,2.0,Graduate,No,3587,672,256.0,360.0,1.0,Urban,N
Female,Yes,0.0,Graduate,No,9230,331,169.0,360.0,1.0,Semiurban,Y
Female,Yes,1.0,Not Graduate,No,13071,794,212.0,360.0,0.0,Urban,N
Male,Yes,0.0,Graduate,No,4988,1013,154.0,240.0,1.0,Rural,Y
Male,No,3.0,Graduate,Yes,2514,3462,,120.0,1.0,Semiurban,N
Female,Yes,0.0,Graduate,No,5720,477,241.0,360.0,1.0,Semiurban,N
Male,Yes,0.0,Graduate,No,7774,3799,145.0,300.0,1.0,Rural,Y
Female,Yes,3.0,Graduate,No,5114,4633,101.0,300.0,1.0,Rural,Y
Male,No,0.0,Not Graduate,No,1877,819,87.0,360.0,0.0,Semiurban,N
Female,Yes,1.0,Not Graduate,No,7425,4525,148.0,360.0,1.0,Semiurban,Y
Male,No,2.0,Graduate,,3956,1227,220.0,360.0,,Urban,N
Male,No,2.0,Not Graduate,No,4546,1075,161.0,360.0,1.0,Semiurban,N
Male,No,3.0,Graduate,No,2575,3464,105.0,360.0,1.0,Semiurban,Y
Male,Yes,3.0,Graduate,No,1512,1614,157.0,360.0,1.0,Rural,Y
Male,Yes,0.0,Graduate,Yes,3189,1442,189.0,240.0,1.0,Urban,N
Female,No,2.0,Graduate,Yes,4361,785,50.0,300.0,0.0,Urban,N
Female,No,1.0,Graduate,Yes,4317,846,,360.0,,Urban,N
Male,No,1.0,Graduate,,10490,1481,180.0,360.0,0.0,Rural,N
Male,Yes,0.0,Graduate,No,3386,3463,61.0,300.0,1.0,Urban,Y
Male,Yes,1.0,Graduate,No,8516,480,116.0,300.0,1.0,Semiurban,Y
Male,Yes,3.0,Graduate,No,5980,1278,136.0,360.0,1.0,Semiurban,Y
Male,No,3.0,Not Graduate,Yes,11174,392,73.0,360.0,0.0,Urban,Y
Male,Yes,,Graduate,No,5412,750,118.0,360.0,1.0,Semiurban,Y
Male,Yes,0.0,Graduate,No,1984,2205,137.0,360.0,1.0,Semiurban,Y
Male,No,0.0,Graduate,No,5195,631,225.0,360.0,0.0,Urban,N
,Yes,2.0,Graduate,Yes,1559,2888,214.0,360.0,1.0,Semiurban,N
Male,No,2.0,Graduate,Yes,3160,628,148.0,180.0,1.0,Rural,Y
Female,Yes,0.0,Graduate,No,5232,868,93.0,360.0,1.0,Rural,N
Male,Yes,0.0,Graduate,No,5290,222,,360.0,1.0,Semiurban,Y
Female,Yes,0.0,Graduate,No,8387,2891,220.0,,0.0,Semiurban,N
Male,No,0.0,Graduate,No,6800,2608,86.0,240.0,1.0,Urban,Y
Male,Yes,3.0,Graduate,No,10681,403,141.0,360.0,1.0,Rural,Y
Female,Yes,1.0,Graduate,No,8383,1081,101.0,360.0,1.0,Urban,Y
,No,0.0,Graduate,No,7923,1008,150.0,360.0,1.0,Semiurban,Y
Female,Yes,1.0,Not Graduate,Yes,12577,938,82.0,,1.0,Urban,Y
Male,Yes,0.0,Graduate,No,8200,4656,188.0,360.0,1.0,Urban,Y
Male,Yes,3.0,Not Graduate,No,9874,928,151.0,360.0,1.0,Urban,Y
Female,Yes,0.0,Graduate,No,2433,660,82.0,300.0,1.0,Semiurban,Y
Male,No,0.0,Not Graduate,No,4840,251,180.0,360.0,1.0,Semiurban,Y
Male,Yes,0.0,Graduate,No,6672,690,92.0,240.0,1.0,Semiurban,Y
Male,Yes,1.0,Graduate,No,5796,3455,44.0,360.0,1.0,Urban,Y
Male,Yes,1.0,Not Graduate,No,3890,1601,73.0,,,Rural,Y
Female,No,2.0,Graduate,No,7965,1604,198.0,,,Urban,N
Male,Yes,0.0,Graduate,Yes,8812,727,270.0,360.0,0.0,Urban,N
,Yes,0.0,Graduate,No,5393,3096,274.0,360.0,1.0,Semiurban,Y
Male,Yes,0.0,Graduate,No,4955,2019,95.0,,1.0,Rural,Y
Male,Yes,1.0,Not Graduate,Yes,4407,949,116.0,360.0,1.0,Urban,Y
Male,Yes,0.0,Graduate,No,8115,576,102.0,120.0,1.0,Semiurban,Y
Male,Yes,1.0,Graduate,No,4909,1280,,360.0,1.0,Semiurban,Y
Male,No,2.0,Graduate,No,5714,619,60.0,180.0,1.0,Rural,Y
Female,Yes,2.0,Graduate,No,9405,1167,97.0,120.0,1.0,Urban,Y
Male,No,0.0,Graduate,No,6386,1494,141.0,180.0,1.0,Semiurban,Y
Male,No,0.0,Graduate,No,5714,755,,300.0,1.0,Urban,Y
Female,Yes,0.0,Graduate,No,4237,108,148.0,,1.0,Urban,Y
Female,Yes,1.0,Graduate,No,5569,1849,113.0,360.0,1.0,Urban,Y
Male,Yes,2.0,Not Graduate,No,3947,775,74.0,,1.0,Rural,N
Male,No,0.0,Graduate,Yes,6207,1484,205.0,360.0,1.0,Urban,N
,Yes,0.0,Graduate,No,4490,1207,55.0,360.0,1.0,Rural,Y
Female,Yes,2.0,Graduate,No,4766,4135,62.0,360.0,1.0,Urban,Y
Female,Yes,2.0,Graduate,No,5589,1366,171.0,,1.0,Rural,N
,No,0.0,Graduate,No,11286,2590,182.0,240.0,0.0,Semiurban,N
Male,No,1.0,Not Graduate,No,2431,990,28.0,300.0,1.0,Urban,Y
Female,Yes,0.0,Graduate,No,6620,629,113.0,300.0,1.0,Semiurban,Y
Male,No,0.0,Not Graduate,No,3177,1908,39.0,360.0,0.0,Urban,N
Male,Yes,3.0,Graduate,Yes,4909,729,117.0,360.0,1.0,Urban,Y
Male,Yes,2.0,Graduate,No,4285,2277,105.0,300.0,1.0,Semiurban,N
Female,No,2.0,Graduate,No,4194,448,242.0,300.0,0.0,Semiurban,N
Male,Yes,0.0,Graduate,No,4267,1730,158.0,300.0,1.0,Semiurban,N
Female,Yes,2.0,Graduate,No,4974,1338,161.0,360.0,1.0,Rural,N
Male,Yes,0.0,Not Graduate,No,3996,3614,223.0,240.0,1.0,Urban,Y
Male,No,0.0,Graduate,No,4005,1860,227.0,360.0,0.0,Rural,N
Male,No,1.0,Not Graduate,Yes,4293,1222,137.0,360.0,1.0,Rural,N
Male,No,0.0,Not Graduate,No,4195,2401,91.0,120.0,1.0,Urban,Y
Female,No,2.0,Graduate,No,3713,105,193.0,360.0,1.0,Urban,Y
Male,Yes,1.0,Graduate,No,7277,2031,189.0,360.0,1.0,Semiurban,N
Female,Yes,0.0,Graduate,Yes,4668,2160,170.0,360.0,1.0,Semiurban,N
Female,Yes,0.0,Not Graduate,No,5079,2337,137.0,360.0,1.0,Urban,N
Female,Yes,0.0,Graduate,No,4900,2220,116.0,360.0,1.0,Urban,Y
Male,Yes,0.0,Graduate,No,4118,1971,227.0,300.0,1.0,Semiurban,Y
Male,No,1.0,Graduate,No,3644,1027,104.0,120.0,1.0,Semiurban,Y
Male,Yes,2.0,Graduate,Yes,7594,1519,89.0,360.0,1.0,Urban,Y
Female,Yes,0.0,Graduate,No,3744,813,113.0,360.0,1.0,Rural,Y
Female,Yes,0.0,Graduate,Yes,3832,672,81.0,240.0,1.0,Semiurban,Y
Male,Yes,1.0,Graduate,No,8595,1062,189.0,360.0,0.0,Urban,N
,No,2.0,Graduate,No,4326,1171,137.0,360.0,1.0,Semiurban,N
Male,Yes,0.0,Graduate,No,5568,1793,41.0,240.0,1.0,Urban,Y
Male,Yes,0.0,Graduate,Yes,4791,3242,159.0,360.0,1.0,Semiurban,Y
Male,No,1.0,Graduate,No,5471,2556,115.0,360.0,1.0,Urban,Y
Female,Yes,0.0,Graduate,No,10347,1690,129.0,360.0,1.0,Urban,Y
Male,Yes,0.0,Graduate,No,3951,2973,145.0,360.0,1.0,Urban,Y
Female,Yes,2.0,Graduate,No,7288,1376,98.0,180.0,1.0,Urban,Y
Female,Yes,1.0,Graduate,No,7581,1992,88.0,360.0,1.0,Semiurban,Y
Female,No,1.0,Graduate,No,7333,1030,170.0,,1.0,Semiurban,N
Male,No,2.0,Graduate,No,10142,1349,66.0,360.0,1.0,Urban,Y
Male,Yes,1.0,Graduate,No,1913,1108,76.0,180.0,0.0,Urban,N
Male,No,0.0,Graduate,No,2797,303,85.0,360.0,0.0,Rural,N
Male,Yes,0.0,Not Graduate,No,3603,310,203.0,360.0,1.0,Urban,Y
Male,Yes,0.0,Not Graduate,No,4441,407,232.0,300.0,1.0,Urban,Y
Female,Yes,,Not Graduate,No,6252,1699,85.0,360.0,1.0,Semiurban,Y
Male,Yes,1.0,Graduate,No,3696,3290,77.0,360.0,1.0,Rural,Y
Male,Yes,2.0,Graduate,No,3683,2966,136.0,,1.0,Rural,N
Male,No,3.0,Graduate,No,5817,2007,115.0,360.0,1.0,Semiurban,Y
Male,No,1.0,Graduate,No,6918,893,191.0,300.0,1.0,Urban,Y
Male,Yes,0.0,Graduate,No,5523,654,163.0,120.0,1.0,Semiurban,Y
Male,Yes,0.0,Graduate,No,7072,1483,281.0,240.0,1.0,Urban,Y
Female,Yes,2.0,Not Graduate,No,2526,874,79.0,180.0,1.0,Urban,Y
Male,Yes,,Graduate,Yes,3999,372,189.0,180.0,,Semiurban,N
Female,Yes,1.0,Graduate,No,3525,570,105.0,360.0,1.0,Semiurban,Y
Female,Yes,2.0,Graduate,No,4327,1024,74.0,240.0,1.0,Urban,Y
Male,No,2.0,Graduate,Yes,5388,3216,104.0,360.0,1.0,Urban,Y
Female,Yes,2.0,Graduate,No,2240,264,109.0,360.0,1.0,Rural,Y
Male,Yes,0.0,Not Graduate,No,4306,464,221.0,360.0,1.0,Rural,N
Female,Yes,2.0,Graduate,No,3980,1093,,360.0,1.0,Semiurban,Y
Male,Yes,2.0,Not Graduate,No,2640,717,86.0,360.0,1.0,Semiurban,N
Female,Yes,,Graduate,No,7150,1842,133.0,360.0,1.0,Rural,N
Female,No,1.0,Not Graduate,No,5508,1118,72.0,180.0,0.0,Semiurban,N
Female,Yes,0.0,Graduate,No,4341,365,268.0,360.0,1.0,Semiurban,Y
,No,3.0,Graduate,No,10958,890,288.0,360.0,1.0,Urban,N
Male,Yes,0.0,Graduate,No,2759,1530,128.0,180.0,1.0,Urban,Y
Male,Yes,1.0,Graduate,No,11232,2166,170.0,360.0,1.0,Semiurban,Y
Male,Yes,0.0,Not Graduate,Yes,4953,459,246.0,360.0,1.0,Urban,N
Male,No,2.0,Graduate,No,3829,1605,119.0,300.0,1.0,Urban,Y
Female,Yes,0.0,Graduate,No,4394,1046,165.0,,0.0,Semiurban,N
Male,No,,Not Graduate,No,4609,2948,67.0,360.0,0.0,Urban,Y
Female,Yes,0.0,Graduate,Yes,11898,899,42.0,,0.0,Rural,Y
Male,No,3.0,Graduate,No,6267,374,200.0,360.0,,Urban,N
Female,Yes,0.0,Graduate,No,3258,760,122.0,360.0,0.0,Semiurban,N
Male,No,0.0,Graduate,No,7575,205,284.0,300.0,1.0,Semiurban,N
Female,Yes,2.0,Not Graduate,No,4629,263,93.0,360.0,1.0,Semiurban,N
Female,No,1.0,Graduate,No,1305,1853,64.0,300.0,1.0,Urban,N
Male,Yes,3.0,Graduate,No,7490,1705,191.0,360.0,1.0,Semiurban,N
Male,Yes,0.0,Graduate,No,7579,1928,273.0,120.0,1.0,Rural,N
Female,Yes,1.0,Not Graduate,No,4747,822,67.0,120.0,1.0,Rural,Y
Male,No,0.0,Graduate,No,4089,582,78.0,360.0,1.0,Semiurban,Y
Male,Yes,0.0,Not Graduate,No,7918,5160,242.0,,1.0,Rural,Y
Male,No,1.0,Graduate,No,3988,1467,328.0,300.0,,Urban,N
Male,Yes,1.0,Graduate,No,8703,523,166.0,360.0,1.0,Rural,Y
Male,Yes,2.0,Not Graduate,No,4035,3513,89.0,360.0,0.0,Rural,Y
Male,Yes,0.0,Graduate,No,5216,3174,231.0,240.0,1.0,Semiurban,Y
,No,0.0,Graduate,No,6556,2073,110.0,240.0,1.0,Rural,Y
Male,No,0.0,Graduate,No,5953,1160,90.0,360.0,1.0,Semiurban,Y
Female,No,3.0,Graduate,No,3875,660,98.0,360.0,0.0,Urban,Y
Male,Yes,0.0,Graduate,No,6390,928,179.0,300.0,1.0,Rural,Y
Female,No,0.0,Not Graduate,No,7413,2882,131.0,360.0,1.0,Semiurban,N
Male,No,0.0,Not Graduate,No,3338,733,161.0,360.0,1.0,Semiurban,N
Male,Yes,1.0,Graduate,No,6636,442,193.0,240.0,0.0,Semiurban,N
Male,No,0.0,Graduate,No,5141,2048,113.0,240.0,1.0,Rural,N
Male,No,3.0,Graduate,No,3446,1280,206.0,300.0,1.0,Semiurban,N
Male,No,0.0,Graduate,No,6268,757,129.0,360.0,1.0,Urban,Y
Male,No,2.0,Graduate,Yes,7785,816,98.0,,0.0,Semiurban,N
Male,Yes,0.0,Not Graduate,No,4209,154,56.0,240.0,1.0,Rural,Y
Male,Yes,1.0,Graduate,No,6413,864,111.0,360.0,1.0,Semiurban,Y
Female,No,3.0,Not Graduate,No,4612,2702,254.0,180.0,1.0,Rural,Y
Male,Yes,0.0,Graduate,No,7111,589,188.0,360.0,1.0,Rural,Y
Male,No,3.0,Graduate,No,8421,5715,161.0,240.0,1.0,Semiurban,Y
Female,No,0.0,Graduate,No,6121,1301,71.0,360.0,1.0,Urban,Y
Male,No,3.0,Graduate,No,7380,343,97.0,300.0,0.0,Urban,N
Male,No,1.0,Graduate,,7956,1567,176.0,180.0,1.0,Semiurban,Y
Female,Yes,0.0,Not Graduate,No,4195,588,197.0,360.0,0.0,Semiurban,N
,Yes,0.0,Graduate,No,4574,2082,191.0,360.0,1.0,Rural,Y
Female,Yes,,Not Graduate,No,6486,3013,146.0,360.0,0.0,Rural,N
Female,Yes,0.0,Graduate,No,9247,2383,84.0,360.0,1.0,Urban,Y
Male,Yes,0.0,Not Graduate,No,3067,2345,198.0,360.0,1.0,Semiurban,N
Male,Yes,0.0,Graduate,No,6798,930,96.0,,1.0,Semiurban,N
Male,No,0.0,Not Graduate,No,8907,603,199.0,360.0,1.0,Urban,Y
Male,No,2.0,Graduate,No,5068,1913,111.0,,1.0,Semiurban,Y
Male,Yes,0.0,Graduate,No,5456,644,277.0,360.0,1.0,Rural,Y
Female,Yes,0.0,Not Graduate,Yes,5398,956,105.0,360.0,1.0,Urban,Y
Male,No,1.0,Graduate,No,5260,666,,240.0,1.0,Urban,N
Male,Yes,0.0,Graduate,No,3818,738,123.0,240.0,1.0,Urban,Y
Female,Yes,0.0,Graduate,No,5159,2021,84.0,300.0,1.0,Urban,Y
Female,Yes,0.0,Not Graduate,No,3877,700,76.0,,1.0,Semiurban,Y
Male,Yes,3.0,Graduate,Yes,7164,2048,83.0,360.0,1.0,Urban,Y
Male,Yes,2.0,Graduate,Yes,2357,3002,237.0,360.0,1.0,Rural,Y
Male,No,0.0,Graduate,No,7820,842,79.0,300.0,1.0,Urban,Y
Male,Yes,1.0,Graduate,No,8347,505,105.0,180.0,1.0,Semiurban,Y
Male,Yes,1.0,Not Graduate,No,5928,2600,343.0,360.0,1.0,Urban,N
Male,Yes,1.0,Graduate,No,10848,1640,202.0,360.0,1.0,Rural,N
Female,Yes,1.0,Graduate,No,6600,683,200.0,180.0,1.0,Semiurban,N
Male,No,1.0,Not Graduate,No,6259,998,317.0,360.0,1.0,Rural,Y
Male,No,0.0,Graduate,Yes,2293,1743,121.0,360.0,1.0,Rural,Y
Male,No,0.0,Graduate,,8580,299,43.0,300.0,1.0,Semiurban,Y
Male,Yes,0.0,Graduate,No,3618,3870,191.0,360.0,1.0,Rural,N
Female,No,2.0,Graduate,Yes,3415,2455,115.0,360.0,1.0,Urban,N
Female,No,1.0,Graduate,Yes,6035,1321,344.0,360.0,1.0,Semiurban,N
Female,No,2.0,Graduate,,3886,3740,40.0,180.0,1.0,Urban,Y
Male,Yes,3.0,Graduate,No,5037,3337,76.0,300.0,1.0,Rural,Y
Male,Yes,0.0,Graduate,No,8874,1125,94.0,300.0,0.0,Rural,Y
Male,Yes,1.0,Graduate,No,10283,1057,122.0,300.0,1.0,Rural,Y
Male,No,1.0,Graduate,No,4209,1091,61.0,360.0,1.0,Urban,Y
Male,Yes,3.0,Graduate,No,5130,1957,153.0,300.0,1.0,Urban,Y
Female,Yes,3.0,Graduate,Yes,13324,1848,92.0,360.0,1.0,Urban,Y
Male,No,1.0,Graduate,No,10240,204,209.0,300.0,1.0,Urban,Y
Male,No,0.0,Graduate,No,8027,1758,245.0,360.0,0.0,Urban,N
Male,No,2.0,Graduate,Yes,3882,1750,108.0,360.0,1.0,Urban,Y
Male,Yes,,Graduate,,4244,1100,166.0,360.0,1.0,Rural,N
Male,No,2.0,Graduate,No,7990,1383,128.0,240.0,1.0,Semiurban,Y
Female,Yes,3.0,Graduate,No,2124,253,123.0,300.0,1.0,Semiurban,Y
Female,Yes,0.0,Graduate,No,8637,430,58.0,120.0,1.0,Semiurban,Y
Female,Yes,1.0,Graduate,No,9583,644,120.0,180.0,1.0,Semiurban,Y
Male,Yes,0.0,Not Graduate,No,4794,1975,198.0,300.0,0.0,Rural,N
Male,Yes,0.0,Not Graduate,No,10357,3101,155.0,180.0,1.0,Semiurban,Y
Male,No,0.0,Graduate,No,6727,1883,78.0,,,Urban,Y
Male,Yes,2.0,Graduate,No,3178,1440,58.0,360.0,1.0,Semiurban,Y
Female,No,3.0,Graduate,Yes,5791,2190,118.0,180.0,0.0,Rural,N
Male,Yes,3.0,Graduate,No,4067,70,85.0,360.0,1.0,Urban,Y
Male,Yes,0.0,Graduate,No,6120,2931,91.0,180.0,1.0,Semiurban,Y
Male,Yes,2.0,Graduate,No,3069,1187,86.0,360.0,0.0,Urban,N
Male,Yes,2.0,Graduate,No,10704,2683,129.0,360.0,1.0,Urban,Y
,Yes,0.0,Graduate,No,7119,2091,172.0,360.0,1.0,Rural,Y
Male,Yes,0.0,Graduate,No,4557,683,84.0,180.0,1.0,Urban,Y
Male,Yes,0.0,Graduate,No,6192,1577,82.0,300.0,1.0,Urban,Y
Male,Yes,3.0,Graduate,No,5489,736,64.0,180.0,0.0,Urban,N
Male,Yes,1.0,Graduate,No,907,1834,140.0,360.0,0.0,Rural,N
Female,No,2.0,Graduate,No,10875,4183,196.0,360.0,,Urban,N
Female,Yes,0.0,Graduate,No,5441,1840,121.0,360.0,1.0,Rural,Y
Female,No,2.0,Graduate,No,6034,656,172.0,360.0,1.0,Urban,N
Female,No,0.0,Graduate,No,2849,2457,223.0,360.0,1.0,Rural,N
Male,No,,Graduate,No,6096,624,145.0,360.0,1.0,Rural,Y
Female,No,1.0,Graduate,No,6617,3017,79.0,360.0,1.0,Urban,Y
Male,Yes,0.0,Not Graduate,No,3403,525,74.0,180.0,1.0,Urban,Y
Male,No,2.0,Not Graduate,No,7549,2748,81.0,360.0,0.0,Urban,N
Female,No,0.0,Graduate,No,2010,863,294.0,300.0,0.0,Rural,N
Male,Yes,1.0,Graduate,No,5114,1979,335.0,180.0,1.0,Urban,N
Female,Yes,0.0,Graduate,No,2795,2475,106.0,180.0,1.0,Urban,Y
Male,Yes,1.0,Not Graduate,No,5685,1563,217.0,360.0,1.0,Urban,N
Male,No,0.0,Graduate,No,4665,946,237.0,360.0,,Urban,N
Female,No,0.0,Not Graduate,No,6821,1608,59.0,300.0,1.0,Urban,Y
Female,Yes,3.0,Graduate,No,5407,1187,,360.0,0.0,Rural,N
Male,Yes,0.0,Graduate,Yes,6741,1353,112.0,360.0,1.0,Rural,Y
Male,Yes,2.0,Not Graduate,No,5742,300,109.0,360.0,1.0,Semiurban,Y
Male,Yes,3.0,Graduate,No,8824,2148,65.0,360.0,1.0,Semiurban,Y
Male,No,0.0,Graduate,Yes,8270,1529,295.0,360.0,1.0,Semiurban,Y
Male,Yes,0.0,Graduate,No,3971,223,133.0,360.0,1.0,Semiurban,Y
Female,Yes,1.0,Graduate,No,8530,996,280.0,300.0,1.0,Semiurban,Y
Male,Yes,3.0,Graduate,Yes,6593,134,229.0,300.0,1.0,Semiurban,N
,No,3.0,Graduate,No,9186,1376,107.0,360.0,1.0,Semiurban,Y
Male,Yes,1.0,Graduate,No,3463,1937,135.0,120.0,1.0,Semiurban,Y
Male,No,2.0,Graduate,No,3060,760,90.0,300.0,1.0,Urban,Y
,Yes,0.0,Not Graduate,No,3089,712,96.0,360.0,1.0,Urban,Y
Male,Yes,3.0,Graduate,No,10342,954,160.0,180.0,1.0,Urban,N
Male,Yes,3.0,Graduate,No,9268,709,186.0,180.0,1.0,Semiurban,N
Male,Yes,0.0,Graduate,No,8266,601,42.0,360.0,1.0,Urban,Y
Female,Yes,0.0,Graduate,,2898,186,43.0,360.0,1.0,Semiurban,Y
Female,No,0.0,Graduate,No,8308,689,97.0,360.0,1.0,Semiurban,Y
Male,No,0.0,Not Graduate,Yes,2989,310,148.0,360.0,,Rural,N
Male,No,,Graduate,No,1319,2923,239.0,360.0,1.0,Urban,Y
Male,Yes,0.0,Graduate,,4619,3282,132.0,300.0,1.0,Semiurban,Y
Female,No,0.0,Graduate,No,5172,1857,112.0,240.0,1.0,Semiurban,Y
Female,Yes,0.0,Graduate,No,9784,2824,171.0,180.0,1.0,Urban,Y
Male,Yes,3.0,Not Graduate,,3438,639,,360.0,1.0,Semiurban,Y
Male,Yes,1.0,Graduate,No,13781,1924,133.0,360.0,1.0,Rural,Y
Male,Yes,0.0,Graduate,No,6102,1888,119.0,360.0,1.0,Urban,Y
Female,No,0.0,Graduate,Yes,5324,1626,139.0,360.0,1.0,Rural,Y
,Yes,,Graduate,No,5312,931,224.0,240.0,1.0,Rural,Y
Male,Yes,2.0,Graduate,No,3054,1301,47.0,360.0,1.0,Semiurban,Y
Male,No,0.0,Graduate,No,4799,1579,123.0,360.0,0.0,Rural,Y
Male,Yes,0.0,Graduate,No,6307,1551,185.0,360.0,1.0,Semiurban,Y
Female,Yes,0.0,Graduate,No,8384,568,165.0,360.0,1.0,Semiurban,Y
Male,Yes,0.0,Graduate,No,4713,3147,50.0,360.0,1.0,Rural,Y
Female,No,1.0,Not Graduate,No,6076,1382,43.0,360.0,1.0,Urban,Y
Male,No,3.0,Not Graduate,,7822,2246,179.0,360.0,1.0,Urban,Y
Male,Yes,0.0,Graduate,No,4647,826,49.0,120.0,1.0,Urban,Y
Male,Yes,2.0,Graduate,No,8624,1837,135.0,180.0,0.0,Semiurban,Y
Male,Yes,0.0,Graduate,No,7145,1454,216.0,180.0,1.0,Urban,N
Male,No,2.0,Graduate,No,8023,624,56.0,,1.0,Rural,Y
Female,Yes,2.0,Graduate,No,2211,1317,281.0,360.0,1.0,Semiurban,N
Male,Yes,0.0,Graduate,No,4903,1026,176.0,360.0,1.0,Rural,N
,Yes,0.0,Not Graduate,No,4150,1112,429.0,360.0,1.0,Urban,N
Male,Yes,1.0,Not Graduate,No,1960,2530,99.0,360.0,1.0,Urban,Y
Female,Yes,0.0,Graduate,No,11586,1203,244.0,360.0,1.0,Urban,N
Female,No,0.0,Graduate,No,8295,2425,105.0,240.0,1.0,Urban,N
Male,Yes,1.0,Graduate,No,2616,1965,130.0,360.0,1.0,Semiurban,Y
Female,Yes,3.0,Graduate,No,9938,1427,89.0,360.0,1.0,Rural,Y
Male,No,0.0,Graduate,No,5480,2630,127.0,360.0,1.0,Urban,Y
Male,No,2.0,Graduate,No,6849,2489,202.0,360.0,1.0,Semiurban,Y
Female,Yes,0.0,Not Graduate,No,4206,1430,,180.0,1.0,Semiurban,Y
Female,Yes,2.0,Graduate,Yes,8597,1512,79.0,360.0,1.0,Urban,Y
Female,Yes,1.0,Graduate,Yes,5391,2649,141.0,360.0,1.0,Semiurban,N
Male,No,2.0,Graduate,No,7018,2053,95.0,360.0,1.0,Urban,Y
,Yes,0.0,Graduate,No,9005,3125,145.0,360.0,1.0,Rural,Y
Female,No,1.0,Graduate,No,7434,1184,217.0,360.0,1.0,Rural,N
Male,No,1.0,Not Graduate,,4664,481,99.0,180.0,0.0,Urban,N
Male,Yes,0.0,Graduate,No,5404,739,161.0,240.0,1.0,Semiurban,Y
Male,Yes,0.0,Graduate,No,8139,205,77.0,300.0,1.0,Urban,Y
Male,Yes,0.0,Graduate,No,1053,698,226.0,180.0,1.0,Semiurban,N
Male,Yes,0.0,Graduate,No,4950,2037,189.0,360.0,1.0,Rural,N
Female,Yes,2.0,Not Graduate,Yes,5624,1199,84.0,300.0,1.0,Rural,Y
Male,No,0.0,Graduate,No,6422,619,83.0,360.0,1.0,Urban,Y
Male,No,0.0,Not Graduate,No,4207,843,251.0,360.0,1.0,Urban,N
Male,Yes,2.0,Graduate,No,5359,1627,326.0,240.0,1.0,Semiurban,N
Female,No,0.0,Graduate,No,6083,879,86.0,360.0,1.0,Rural,Y
Male,Yes,1.0,Graduate,No,6034,1096,203.0,360.0,1.0,Rural,Y
Male,Yes,0.0,Graduate,No,5940,320,107.0,360.0,1.0,Urban,Y
Female,Yes,3.0,Graduate,No,4732,2879,251.0,360.0,1.0,Rural,N
Female,No,2.0,Not Graduate,Yes,6210,3159,110.0,120.0,1.0,Rural,Y
Female,No,2.0,Graduate,No,9681,649,181.0,360.0,1.0,Urban,Y
,No,0.0,Graduate,No,5396,996,139.0,360.0,1.0,Rural,N
Male,Yes,2.0,Graduate,No,6174,177,35.0,360.0,0.0,Urban,N
Female,Yes,0.0,Graduate,Yes,5353,2719,,360.0,1.0,Urban,Y
Male,Yes,0.0,Graduate,No,9459,419,179.0,240.0,1.0,Urban,Y
Female,Yes,0.0,Graduate,No,4958,1272,169.0,120.0,1.0,Semiurban,Y
Female,No,,Graduate,,3654,538,148.0,360.0,1.0,Rural,Y
Female,No,0.0,Graduate,No,7552,1294,291.0,360.0,1.0,Semiurban,Y
Female,No,1.0,Graduate,No,4846,2373,196.0,360.0,1.0,Urban,Y
Male,Yes,0.0,Graduate,No,7367,1955,184.0,300.0,1.0,Urban,N
Male,Yes,0.0,Graduate,No,4491,2059,35.0,240.0,1.0,Semiurban,Y
Female,Yes,2.0,Graduate,No,3271,375,201.0,300.0,0.0,Semiurban,N
,Yes,0.0,Not Graduate,Yes,5476,1247,,300.0,1.0,Semiurban,N
Male,Yes,2.0,Graduate,No,2750,4512,127.0,360.0,1.0,Urban,Y
Male,No,0.0,Graduate,No,6360,1557,52.0,360.0,1.0,Rural,Y
Male,No,2.0,Graduate,No,7969,1331,163.0,,1.0,Rural,Y
Female,Yes,1.0,Graduate,No,11981,1064,221.0,180.0,1.0,Semiurban,N
Female,Yes,0.0,Not Graduate,No,4403,1453,122.0,300.0,1.0,Semiurban,Y
Male,Yes,0.0,Graduate,No,3936,1291,124.0,360.0,1.0,Rural,Y
Male,Yes,1.0,Not Graduate,No,7886,4004,76.0,360.0,1.0,Semiurban,Y
Female,No,2.0,Not Graduate,No,7644,2273,220.0,360.0,1.0,Semiurban,N
Female,Yes,0.0,Graduate,No,7861,1176,55.0,360.0,1.0,Semiurban,Y
Male,Yes,0.0,Graduate,Yes,12064,2195,139.0,300.0,1.0,Urban,Y
Male,Yes,2.0,Graduate,,5629,695,121.0,240.0,1.0,Semiurban,Y
Male,No,1.0,Graduate,No,13159,1275,155.0,360.0,0.0,Rural,N
Male,Yes,0.0,Graduate,No,4772,879,191.0,360.0,1.0,Urban,Y
Male,Yes,0.0,Graduate,No,4089,2094,118.0,360.0,1.0,Rural,Y
Female,Yes,0.0,Graduate,No,3913,1206,201.0,360.0,1.0,Semiurban,N
Female,No,1.0,Graduate,No,3800,1437,,360.0,1.0,Semiurban,N
Male,No,,Graduate,No,12323,1136,152.0,120.0,0.0,Semiurban,N
Female,Yes,3.0,Not Graduate,No,9239,1681,68.0,360.0,1.0,Semiurban,Y
Male,No,0.0,Graduate,Yes,11827,2117,102.0,360.0,1.0,Rural,Y
Male,No,0.0,Not Graduate,,2148,3165,49.0,300.0,1.0,Semiurban,Y
Male,No,1.0,Graduate,No,2978,1054,132.0,360.0,1.0,Rural,Y
,No,3.0,Graduate,No,4856,567,186.0,360.0,1.0,Semiurban,Y
Female,No,2.0,Graduate,No,4519,1747,115.0,180.0,1.0,Semiurban,Y
Female,Yes,0.0,Graduate,No,6187,441,122.0,360.0,1.0,Rural,Y
Male,No,2.0,Graduate,No,5691,1030,157.0,300.0,1.0,Urban,Y
Male,Yes,1.0,Graduate,Yes,3400,333,165.0,300.0,1.0,Semiurban,N
Female,No,0.0,Not Graduate,No,4293,6894,47.0,180.0,1.0,Urban,Y
,Yes,0.0,Graduate,No,4983,2897,92.0,240.0,1.0,Rural,Y
Male,No,0.0,Graduate,No,3152,2715,,240.0,1.0,Semiurban,Y
Female,No,0.0,Not Graduate,Yes,5280,3272,104.0,300.0,1.0,Rural,N
Male,Yes,3.0,Graduate,No,3253,2516,264.0,360.0,1.0,Rural,Y
Male,No,0.0,Graduate,No,5211,1564,187.0,240.0,0.0,Urban,N
Male,Yes,3.0,Graduate,No,3640,1597,127.0,360.0,1.0,Urban,N
Female,No,1.0,Not Graduate,Yes,8294,3062,,300.0,1.0,Semiurban,Y
Male,Yes,1.0,Graduate,Yes,6719,3199,149.0,360.0,1.0,Semiurban,Y
Male,Yes,1.0,Graduate,No,6645,612,382.0,,1.0,Urban,N
Female,No,0.0,Graduate,Yes,7588,1180,137.0,240.0,1.0,Urban,Y
Male,Yes,0.0,Not Graduate,No,6878,1400,92.0,240.0,1.0,Semiurban,Y
Female,No,0.0,Graduate,No,8317,2569,65.0,360.0,1.0,Urban,Y
Male,Yes,1.0,Not Graduate,No,5953,700,,360.0,1.0,Rural,Y
Female,Yes,0.0,Graduate,No,7540,636,103.0,180.0,1.0,Rural,Y
Male,Yes,,Not Graduate,Yes,6555,408,137.0,300.0,1.0,Rural,Y
Male,Yes,0.0,Graduate,No,6534,892,163.0,240.0,1.0,Urban,Y
Male,Yes,0.0,Graduate,,2658,1020,80.0,180.0,1.0,Urban,Y
Male,Yes,0.0,Not Graduate,No,3434,3670,148.0,360.0,1.0,Semiurban,Y
Female,Yes,3.0,Graduate,No,6216,2372,116.0,360.0,1.0,Rural,Y
Female,Yes,2.0,Graduate,Yes,3924,2568,54.0,360.0,,Urban,N
Male,No,0.0,Graduate,No,5399,550,167.0,300.0,1.0,Urban,Y
Male,No,1.0,Graduate,No,4367,1127,178.0,360.0,1.0,Urban,Y
Female,Yes,0.0,Graduate,No,4445,2172,240.0,300.0,1.0,Semiurban,Y
Female,No,3.0,Graduate,Yes,5678,1477,67.0,300.0,1.0,Semiurban,Y
Male,Yes,1.0,Graduate,No,4921,1919,330.0,360.0,1.0,Urban,N
Male,No,,Graduate,Yes,9857,414,84.0,240.0,1.0,Semiurban,Y
Male,No,,Graduate,No,2793,1432,340.0,360.0,,Semiurban,N
Female,No,0.0,Graduate,No,7115,2253,38.0,360.0,1.0,Semiurban,Y
Male,Yes,3.0,Graduate,No,7727,567,130.0,180.0,0.0,Semiurban,Y
Male,No,0.0,Graduate,No,10155,247,155.0,,1.0,Rural,Y
Male,Yes,1.0,Graduate,No,5739,546,118.0,180.0,0.0,Semiurban,N
Female,No,0.0,Not Graduate,No,7391,3035,66.0,300.0,1.0,Semiurban,Y
Male,Yes,2.0,Graduate,,9801,472,99.0,360.0,1.0,Rural,Y
Male,No,2.0,Not Graduate,No,4206,1349,151.0,,1.0,Rural,Y
Male,No,1.0,Not Graduate,No,3650,237,354.0,180.0,1.0,Urban,N
Male,No,1.0,Not Graduate,No,5856,636,68.0,360.0,1.0,Urban,Y
Male,Yes,2.0,Graduate,No,5032,1543,92.0,360.0,,Rural,N
Male,No,0.0,Not Graduate,No,7456,1326,58.0,240.0,1.0,Urban,Y
Male,Yes,0.0,Not Graduate,Yes,2877,2721,103.0,360.0,,Rural,N
Male,No,0.0,Graduate,No,9519,1783,,360.0,1.0,Urban,Y
Male,Yes,3.0,Graduate,Yes,6239,567,208.0,360.0,1.0,Rural,Y
Female,Yes,0.0,Graduate,No,4965,1114,152.0,240.0,0.0,Semiurban,N
,Yes,2.0,Graduate,Yes,5578,945,258.0,360.0,,Rural,N
Male,Yes,1.0,Graduate,No,8529,133,125.0,180.0,1.0,Urban,Y
Female,Yes,0.0,Graduate,No,6935,3733,18.0,360.0,1.0,Rural,Y
Male,Yes,0.0,Graduate,No,5529,1373,156.0,360.0,1.0,Urban,Y
Male,Yes,0.0,Graduate,No,5089,1559,45.0,300.0,1.0,Urban,Y
Male,No,0.0,Graduate,No,5193,2124,205.0,240.0,1.0,Urban,Y
Male,No,0.0,Graduate,Yes,7319,2144,125.0,,1.0,Rural,Y
Female,Yes,0.0,Not Graduate,Yes,4904,2304,89.0,360.0,1.0,Semiurban,Y
Female,Yes,2.0,Graduate,No,7074,987,63.0,300.0,1.0,Semiurban,Y
Female,Yes,3.0,Graduate,No,3703,896,97.0,360.0,1.0,Semiurban,Y
Male,Yes,0.0,Graduate,No,3992,2792,122.0,360.0,1.0,Rural,Y
Male,No,0.0,Graduate,No,5501,3795,306.0,300.0,1.0,Semiurban,Y
Male,No,0.0,Graduate,No,5071,236,117.0,180.0,1.0,Semiurban,N
,Yes,1.0,Not Graduate,No,4101,2724,143.0,360.0,,Semiurban,N
Male,Yes,2.0,Graduate,No,3240,1114,121.0,300.0,1.0,Rural,N
Male,Yes,0.0,Not Graduate,No,3830,1262,143.0,300.0,,Urban,N
Male,No,0.0,Graduate,No,10539,71,,240.0,1.0,Urban,Y
Male,No,2.0,Graduate,No,4094,1348,127.0,360.0,1.0,Urban,Y
Female,Yes,1.0,Graduate,No,1818,838,88.0,240.0,1.0,Urban,Y
Female,Yes,0.0,Not Graduate,No,5689,115,180.0,360.0,1.0,Semiurban,N
Female,No,1.0,Graduate,No,4094,2979,68.0,360.0,1.0,Semiurban,Y
Male,No,0.0,Graduate,No,4852,1546,164.0,120.0,1.0,Rural,Y
Male,Yes,0.0,Not Graduate,No,8077,1721,182.0,360.0,1.0,Urban,N
Male,Yes,2.0,Graduate,No,5020,2963,39.0,360.0,1.0,Rural,Y
Female,Yes,2.0,Graduate,No,4759,2171,64.0,360.0,1.0,Semiurban,Y
Male,Yes,0.0,Not Graduate,No,4205,397,43.0,300.0,1.0,Urban,Y
Male,Yes,3.0,Graduate,No,4931,2522,234.0,360.0,1.0,Semiurban,Y
Female,Yes,0.0,Graduate,No,6550,300,95.0,300.0,1.0,Rural,Y
Male,Yes,2.0,Graduate,No,2277,2055,228.0,120.0,1.0,Urban,Y
Male,Yes,0.0,Graduate,,3015,4328,106.0,360.0,0.0,Semiurban,N
Male,No,2.0,Graduate,No,6618,2068,71.0,120.0,1.0,Urban,Y
Male,Yes,3.0,Graduate,No,5647,1021,85.0,360.0,1.0,Urban,Y
Male,Yes,0.0,Graduate,Yes,4304,4230,138.0,240.0,1.0,Semiurban,Y
Male,Yes,3.0,Graduate,No,6782,1541,181.0,300.0,1.0,Rural,Y
Male,Yes,2.0,Not Graduate,Yes,4652,583,129.0,360.0,1.0,Semiurban,Y
Male,No,2.0,Not Graduate,Yes,8024,784,201.0,240.0,,Semiurban,Y
Female,Yes,0.0,Graduate,No,4223,762,116.0,360.0,1.0,Rural,Y
Male,Yes,2.0,Graduate,No,3662,4887,123.0,360.0,0.0,Urban,N
Male,No,2.0,Not Graduate,Yes,14611,2043,82.0,,1.0,Rural,Y
Male,Yes,0.0,Graduate,No,7333,2095,77.0,360.0,1.0,Semiurban,Y
Female,No,,Graduate,No,3888,1856,187.0,300.0,1.0,Rural,N
Male,Yes,0.0,Not Graduate,No,4667,1627,68.0,300.0,1.0,Rural,Y
Male,Yes,0.0,Not Graduate,No,4232,906,106.0,360.0,0.0,Rural,N
Female,Yes,1.0,Graduate,No,2526,465,192.0,300.0,1.0,Urban,N
Female,Yes,1.0,Graduate,No,4797,1739,48.0,240.0,1.0,Semiurban,Y
Male,No,1.0,Graduate,No,5898,4147,237.0,360.0,1.0,Semiurban,Y
Female,No,0.0,Graduate,No,9642,1674,72.0,360.0,1.0,Semiurban,Y
Male,Yes,3.0,Graduate,No,5283,3169,238.0,360.0,1.0,Semiurban,N
Male,Yes,0.0,Graduate,No,4480,228,68.0,360.0,1.0,Urban,Y
Male,No,0.0,Graduate,No,10161,1681,187.0,360.0,1.0,Urban,Y
Male,No,0.0,Not Graduate,No,9217,858,93.0,360.0,1.0,Urban,N
Female,Yes,1.0,Not Graduate,No,5883,555,,360.0,1.0,Rural,Y
Male,Yes,3.0,Graduate,No,5639,3575,112.0,360.0,1.0,Rural,Y
Male,Yes,1.0,Not Graduate,Yes,6517,954,63.0,180.0,1.0,Urban,Y
Female,No,2.0,Not Graduate,No,4199,2040,164.0,360.0,1.0,Rural,Y
Female,Yes,0.0,Graduate,No,5539,1230,99.0,360.0,1.0,Urban,Y
Male,Yes,1.0,Graduate,No,4126,395,172.0,360.0,1.0,Semiurban,N
Male,No,0.0,Graduate,No,9349,2245,236.0,360.0,1.0,Urban,Y
Male,Yes,0.0,Graduate,No,3744,1010,190.0,300.0,0.0,Rural,N
Female,Yes,0.0,Graduate,Yes,6080,2484,46.0,300.0,1.0,Semiurban,Y
Female,Yes,1.0,Graduate,No,6208,640,67.0,360.0,1.0,Urban,Y
Female,Yes,1.0,Graduate,No,9683,872,145.0,300.0,1.0,Semiurban,Y
Male,Yes,2.0,Graduate,No,4455,1986,153.0,360.0,1.0,Urban,Y
Male,Yes,0.0,Not Graduate,No,4049,687,,180.0,1.0,Urban,Y
Male,Yes,0.0,Graduate,No,7161,2219,59.0,360.0,1.0,Urban,Y
